package_id,endorser_key,canonical_name,event_id,election_date,office_type,disposition,assessed_through,contest_count,district_count,confirmed_assertion_count,unresolved_assertion_count,comprehensive_source_found_count,partially_searched_count,searched_no_endorsement_found_count,source_unavailable_count,not_searched_count,related_contest_ids
epk_2f5a7898a5b35de8a46361941ac4775e,atu_local_113,Amalgamated Transit Union Local 113,evt_d89f777f34365c37b114ca39fb376591,2003-11-10,councillor,partial_evidence_only,2026-08-22,44,44,0,0,0,44,0,0,0,con_02e530a81bf75a6bbf6b4ca0a9ea6738|con_04a4bbe5ef575c72b4ec49d601f24b71|con_18fc5604e3b45ef08d8af9b0813a1918|con_2317176dbf5e5a4fab7fd65b16359ebd|con_28b9bf4109765f57a3a7923479b37af9|con_2befcc6536315440902962b270ad7f70|con_3a262cc7bf83579eae79ce2032ea06d1|con_3c1699cb4b0257ae8cf61da26db0c160|con_46f4af62ff4956f5b31ebec2e77229fa|con_47f9c6bba0165404a3fec5492a0940b3|con_4b3374ab9039564fa8ed1cedf493a0e3|con_5f814673ab4050e5b50e46685dbfbecb|con_6131490bb0d75b1ba4033e2284df71f8|con_61eed2bcd6ce5343bea274fe8a8028bc|con_6beb6fc4da14503aa70fa94b8fe0b600|con_6d24ced99da9539aaaad476a9a2747f4|con_6d7f00a8037754c0a6f34579bee44966|con_727f839c8adc5531bd874edb6b663c05|con_744dd2f798b8521e8de9693750f474d2|con_7b92b7a12bbf5240a728cbe9d42aa420|con_7eba7d2b2ccb57e5aa6ab13c307b2517|con_802f842541d15d899e8f6acf3b86ae45|con_845cf9eb2c1b5ed6b35801d45f86cd82|con_88f5ccc6b744588da3d07590c5dca974|con_90b9ffb191415b13a8c7f334ef771513|con_95ddf0ee07b85a9da9038f871eeefaba|con_99b9fbf5df5f504eb0906d1c2b113d63|con_9d346093453659cba5591e6e2efd506a|con_a060705663a15882b307108144aa8720|con_ab103b8f3a915dd0b0131abea73fad5c|con_abe0e1350e7856ad9a70ffdc75dd84f2|con_ae44722023c153d7a460278c9b621435|con_b5ffb866cf475caca42769d641deb4a7|con_b9bda7a65c8a5e03a69746d0072f95c1|con_be3ee1a1a31f533885cbb71a268beda9|con_bf4b3cd94fcd50ba8d2259a6df440a17|con_c49857c2f0a6591fa165be262c38930c|con_d100fd7c171150b8b18125987b174c3d|con_d18675753b8f580c8834170f374d1e7c|con_d3ecc496be285eebb80559abe5d5f9f1|con_d69bc70f79a45bf397b2a657aa858e50|con_d9eeb6c962c854b58be1e179e2168cb1|con_ec88bd40dff858e695ae9533199be499|con_f3e797bac18a5e45a723ff263eafb93e
epk_efd20d1479745cf6950e22841c87e7e1,atu_local_113,Amalgamated Transit Union Local 113,evt_d89f777f34365c37b114ca39fb376591,2003-11-10,mayor,partial_evidence_only,2026-08-22,1,1,0,0,0,1,0,0,0,con_945161409a0450f29e351ff3f263f815
epk_29239ed00d75516ca5907ee558942555,atu_local_113,Amalgamated Transit Union Local 113,evt_159f073fa6f15c23a840651723d3c3af,2006-11-13,councillor,partial_evidence_only,2026-08-22,44,44,0,0,0,44,0,0,0,con_09d3330e921d5e53ae19007709e75bf9|con_0b8c9e853efa5e3da86b0f1eff65589e|con_107ad5f6c01f5d4389c8194358534375|con_17c2e1a7404c5641823443ca7a6dcc10|con_1969b3b6667f56549d1f35b90f606cbf|con_1c0aff783cfb5ac995b40930229ffd15|con_1fa443b3390f5d6691f7994877cf55c8|con_2070d155d42250abac2e50baf8c6bf39|con_218bbbaab66c59bc8d0d747f3ae2fb3c|con_2c70fd784be55c4794f8294a723dedb9|con_2c97298461635376899e36569d2c7be3|con_2f8a0c46b37950fd9149d9b62f1f0142|con_31d375f206cb5fe1955efa73ae9da43e|con_387d212e18c453e2a8eb298de5c374ff|con_393178f4fb765cd0bbeaa13d06dca32c|con_398774c449785307baa3822c581963e9|con_3ae0da024263524d8e13691dbeeadc88|con_46f7b754b02b57d0a651c417f9f0471d|con_4a5af0945c9a5a01ae50e3a5ea61b3fb|con_4ead7aa21a905ad7bd1838cb33f37045|con_59aa1ee85e2d51ca8dee4338d37665c2|con_610d1afaa15d592eb956835f8fd51600|con_76db9d7d1989548fadeac8b8116dc357|con_77f42d0ca0a15c57a01b5579fef4625a|con_83ded5c17ed75ca788f320a13b17dd08|con_86779f733e9f58e78227d4c49c260033|con_86a1f5b3235452b4a3cb3b3297e4dd51|con_88a17b76344c50ba9a3a118dd558c185|con_899c01be1cc951dfb79010a2fbd8ad10|con_9473b9c31bb55e62ac4432451881acf1|con_95ce62f8d45154c7836ec0372d2a416e|con_b1ec123602ab559c939e1aa02badcd71|con_b4c70c0c6f465c4091dce97cbbd286b3|con_c59d97019dab554698aea8cb6eeb469a|con_c760f9c404835bb595e5671cf893c340|con_c90c50ce5e7c59dbaf6f3fb8efe575fd|con_d0cb7c26d6e55def83cde1da2c9bc8c5|con_d42434b7f93353e6b9eeb64711b54648|con_d4f2ce7b93c75f4ca9c7bc73a4ba2a30|con_e7325536f8e85cffa249480df8a556a2|con_e93ddb13c85852b58b88208c71191394|con_ebbe0512549c59bc8a7a31e7ec5a59e9|con_f0bbc885a5535e28bc005ca644cc4e22|con_f449befd52f1538191ef612c9e711c45
epk_a7b95945cc005b5694f20e3712534d12,atu_local_113,Amalgamated Transit Union Local 113,evt_159f073fa6f15c23a840651723d3c3af,2006-11-13,mayor,partial_evidence_only,2026-08-22,1,1,0,0,0,1,0,0,0,con_5d8609e7e7f4584ea28ad032690bdae8
epk_e3415d4deed950b0aa7f014c393f7e33,atu_local_113,Amalgamated Transit Union Local 113,evt_5a786c1da7ec5e758036205f04351fc5,2010-10-25,councillor,partial_evidence_only,2026-08-22,44,44,0,0,0,44,0,0,0,con_0a880ce7b6ad5bdaa2e2dc7b19601aa8|con_11ea4a9756fd5bc4a466dc797994b068|con_17593cee737354878c920526a9fa7afd|con_1a46b115b13d55619bcaf30903c183e3|con_1cf871058a8c5bc9a34c7dbdf6edca83|con_20589f7261325cd892231ed42321b3cf|con_272ca0eaeab656b89a5038bc74ad9988|con_2ce79e4f63945b9b90a05c245e9382fc|con_33da03ca4a1159089c55d78f4edd2bf3|con_3fd9226a06995ec78201f807f175b930|con_43b57e74c0a454db9f5ed346b6fc7095|con_4977aa6e0a865d788ed7ebf871e4027c|con_5587a8b9ae37546eb39a67333b5011ed|con_579cae8a3fa455a7a3e68d1b1900fffa|con_5c4da484552c546aaff98277d675d594|con_6240f694b6ce5307a2126a9103153475|con_662d709bee42574392549fc786efea0d|con_680464772a025da6aa5eaf650cefb52a|con_7bbdc7e302705fee987b1ebca87ef16d|con_8283f00fca6855af9a0a63e550482bda|con_834d568760e15dcdb0b423512c33fe9c|con_8a8efa738bef57fc9329489f768529c9|con_8c969ca3bbbb537382be9d4ed8dd7697|con_a160a05c9e3e5dd7b972cd5c16d456b0|con_a46853faf8a85598b55614ee5bfc99e2|con_a62a387b9ca8511db50248d4738f3eea|con_b6bdff47e14a590897fb7531e91999d1|con_bdb4bceb8d3d535e9d9284d19bf99bb0|con_be2d96cb623553cdbd79b303f9576bda|con_bf589c2ec43c513aa964b64309534ac6|con_c713b29e028a582893ad021c4a2b8546|con_cceb1911b8545151a85313ea9045fdd6|con_d6f7b1cb92f959ab9408dbb936bcf2ff|con_da88824c2975511d9432812d4988c9d5|con_e14c9528646b58ba89bddde54ae0f23e|con_e358c35644bd5b94b662f1e211fbc70e|con_e689393a84cc500bab2476e3913f093d|con_e78d7e5eb6975c7b98ef0efd13e5c783|con_e8d5ffca829d5a06ad87216dc76d6e6a|con_ebcb4d472e005fbbadabf9f6201cbe13|con_ed22821703705704bff31b43ed036014|con_edd7a5395e9a586bb5289cb5ed1106b3|con_f0cf1eca40845631b0bd4d4750413711|con_fc66f2cac25c5ea58dccc4005672bad8
epk_9906ef25d45154479b462c82a9e44f26,atu_local_113,Amalgamated Transit Union Local 113,evt_5a786c1da7ec5e758036205f04351fc5,2010-10-25,mayor,partial_evidence_only,2026-08-22,1,1,0,0,0,1,0,0,0,con_099fbf24dd655a0e8b1720fbe2215a6a
epk_95c5ebe875d15639b83eb071d92aa668,atu_local_113,Amalgamated Transit Union Local 113,evt_54673fd104ab5ef08eb865e162ac040c,2014-10-27,councillor,partial_evidence_only,2026-08-22,44,44,0,0,0,44,0,0,0,con_004711e5bbda5d169a7774d906befd21|con_0dc4d6b99efa5f32a8f36b24d080bb2d|con_13660de4bc485cc68e0744199d21cb46|con_17f69fde16cb514bb16fb6e361c07fff|con_1e16e8a3edc55c77847b36d881fb8fe7|con_222bdce34cf75bbeb159589e8f46045b|con_2cf721e86d7a55de8cf53a0ae3f6413c|con_2d92299c561559d99eccb92c22f4eb47|con_2f43675e2c5c59b796fafde036252ed1|con_350f0c58a79a574d926206857445b2d9|con_4e3ebb6b13cb5d2396519f9df6fbdf4b|con_4e432b136b83537fb08e7e8485f4949c|con_5161ebd9ab2b5c55bfcd6eef433082c9|con_54d4d8b5d91f5df5ba8bfdf9c61296af|con_59bfad1b37305c63a378a4614deb11ae|con_5babda81dd6351a28a423340a03b5d8a|con_5c8144ae39615a3189a3691c99c5ea4e|con_5cb64f68c501559d960b05fb29843745|con_622c2ee026875ae4ac60200b1559e8f6|con_636fab9611ed540ebff54ad772a1827d|con_639f022801275cedb8f9b4fe82711ae3|con_643801dc921651c3a1ef5d96772fb13d|con_6629fd920f2b5a8d9b7959fafdd04a1a|con_6c708130eaa15c9080cc3cd3a207f63b|con_79a0aa63063d5dd6a5a2ed28c29ecec1|con_7acbde45d7355dbeb5327c8eff9039ed|con_7d07021e53b35a609a75560232a15fd1|con_7ee43d0beaab558c9788d151bbd8d067|con_82f64d71deda5204bf8ba5ab710c21e6|con_a3ad5138021a51309ade19f0cbc4ebe1|con_b123ac953da1590ebb8bca29f5eb3bdc|con_b592d84a34965294a78c84c50bab4ddb|con_c4de914fc9f15a3cab65125ee118d9c8|con_c57f0385335559e696305e7d4e632b40|con_c8a9dfe07ee5545eb20e21d12773c57e|con_d5af05a065045bf9adaf30847252c957|con_d61412ebefff5d2b8bc9183244150abf|con_d8e03f953ae157089237a1febc263587|con_e230d66a67245cd08a806de4208d288b|con_e2f423965407516280c8b3af41b9f5cf|con_e3f1226fd27e5ec6bf5d96a8439cc26a|con_e8f16f1721ce5517977fa5bc1f660248|con_f59fe6995c8b528dbd3cbfbb5c3277c8|con_fed30965855757d399c6acfbd6e6d4f4
epk_21c39e27c1ee5bb3837752f5a95038bd,atu_local_113,Amalgamated Transit Union Local 113,evt_54673fd104ab5ef08eb865e162ac040c,2014-10-27,mayor,partial_evidence_only,2026-08-22,1,1,0,0,0,1,0,0,0,con_9250eb2b2609550597520e68352ac56a
epk_732d9dccec9553789768216a62f8c8d8,atu_local_113,Amalgamated Transit Union Local 113,evt_552c4874312956ae84afbbc5ee91b0f7,2016-07-25,councillor,partial_evidence_only,2026-08-22,1,1,0,0,0,1,0,0,0,con_e3ed783f131d579d8718d34c15675901
epk_7fafd43adb785a3091b1c62508ed9a7f,atu_local_113,Amalgamated Transit Union Local 113,evt_b8284a5341635f79babdf7ddc512c2f6,2017-02-13,councillor,partial_evidence_only,2026-08-22,1,1,0,0,0,1,0,0,0,con_bb2bdc05e1365857b524a0a6596b48d5
epk_4f527d390f825d45aedb00bae256a75e,atu_local_113,Amalgamated Transit Union Local 113,evt_e4fe1909276b5fbd91057022b350fff3,2018-10-22,councillor,partial_evidence_only,2026-08-22,25,25,16,0,16,9,0,0,0,con_147dca9e3758595d8766dc52d11a65f4|con_16fad19349255393a28639cd62e83ae3|con_1b8d99f619f758efb737805a20bcf6fb|con_2865d31031005dd897904c3f07e4d039|con_3a43982e2a0450b2a3f4c5241f6965d8|con_3fc9df4b254c5eb6a2a7fb629a124bfb|con_45eb3e143f1b5492b4652498c957ed6b|con_4def6d4e85f85950babb9030e4eae0cb|con_55f5230db0d85c499ce7cea0ce379f5f|con_612115bf42b450d3aeb63bb430d3aec9|con_6a1f4d7470675d869b3b11aede0812f2|con_6fd864aec40c5bbc9f3eb32d2e9e4379|con_7a4043e26d4256e78ee3861fb81e718a|con_7e6cf2fd75ba560a900bb024e72fe99c|con_810611751acb5e86ab30b3277e7e6dad|con_849867f583195ad38c77941612883bd9|con_8b4a03ef5a3c55c4ab20662c886b31a7|con_922d425132ad5243b459c0ca40a6dcd9|con_990816d2030b592787bdf4a19382627f|con_ac347f98e5715159b3adecf8debcbde8|con_c555f2e9b45051a8b960bdbb0ac6080a|con_c85783d7c9a4550bae21b8e14f2ff992|con_caa23fae586656b2bab11ee711073a2c|con_eeda9883ca2d57148405d41f7f5a80a4|con_f961284da53f5a38ba3a20e7e998ef4f
epk_e568e24e57e0593e8bc73eb82b838c09,atu_local_113,Amalgamated Transit Union Local 113,evt_e4fe1909276b5fbd91057022b350fff3,2018-10-22,mayor,partial_evidence_only,2026-08-22,1,1,0,0,0,1,0,0,0,con_b93d69f083ed511ab264f38cc1d8b94c
epk_0f8f05a76b895d0aa8fa0e454ae07585,atu_local_113,Amalgamated Transit Union Local 113,evt_50c15fe55fa753fba75abfada8da3c38,2021-01-15,councillor,partial_evidence_only,2026-08-22,1,1,0,0,0,1,0,0,0,con_53468b4ee3c7510aba4d708f584951a9
epk_ee427a2a6f90568587b67353a17259a7,atu_local_113,Amalgamated Transit Union Local 113,evt_a52ef78967f05336bdb5d591fd50f122,2022-10-24,councillor,validated_package_found,2026-08-21,25,25,10,0,25,0,0,0,0,con_037ae72c455f558590ca04bc929df4cb|con_0d314382ba1a5d62b399c1eefc717cc1|con_27e80d547d0256149213a7e90956055b|con_2c0ca30fc75e51a3acf50c4693b1cc1b|con_43f8a49a6b095ee8a38c2a1aa0477382|con_52f50431db92559f8d4391fb2e932f16|con_6821258c9f7f598e829c8617b8765c25|con_8d2d5f08a1095a14abbcb526483a3aa0|con_91f80636385c5df5b2d409f9c9b389ed|con_9476d4c41a7d5fa48b97b47e28f9305d|con_98fc649f10ee5100a44520c1500dfac9|con_9e0a04dcf1245155b6f1fd50c6a83e99|con_a1f3f1e6009c53c7a9cbb88e7e2346c0|con_a548943febc15683bb34e547001ee6e7|con_ac0a746327ea57b39ba13add8456bbd3|con_af1f1cbea2a15cf4899bdd37d9fc80f7|con_b7158aa7285c513f8255b4f87166c723|con_bab4f35c5b9a51da935131d5c790bddf|con_bcc3da3d377f5fd3bb1d8a0c3ad7160b|con_c44af6fcb9ff527e8974217b3d633af1|con_c637e2ad153c516eb79ab5edb84161f8|con_c686b3ad3bd059d78db8cc44229817a0|con_db6acf978ec15e2c9ac0230649ef0609|con_e3987d425526548a844f6d73b662eac3|con_f8a855ebf8c250bda4eeed75246305b5
epk_d373a2e6f3715287aa6c8bf33810e5f7,atu_local_113,Amalgamated Transit Union Local 113,evt_a52ef78967f05336bdb5d591fd50f122,2022-10-24,mayor,partial_evidence_only,2026-08-22,1,1,0,0,0,1,0,0,0,con_778d3d5e612151bcb14703a9f987556d
epk_6e2fb753c69854d598ea64033d14823b,atu_local_113,Amalgamated Transit Union Local 113,evt_eabc9f0a14165449acd2f9a1e7d557ce,2023-06-26,mayor,validated_package_found,2026-08-21,1,1,1,0,1,0,0,0,0,con_e0aab60f6a3e50d59f1f09a1742a2ddd
epk_2989d5a1c3905c40871c40d76b392c8c,atu_local_113,Amalgamated Transit Union Local 113,evt_ee5715a80b5a532c8b778d94f6b7c9b8,2023-11-30,councillor,validated_package_found,2026-08-21,1,1,1,0,1,0,0,0,0,con_eccf9644aa2c598fa731d009a96fcf64
epk_ab5121a2d67d5b24b6459b83375153a3,atu_local_113,Amalgamated Transit Union Local 113,evt_af73d490abf95ffdae38ca2c830e51f4,2024-11-04,councillor,partial_evidence_only,2026-08-22,1,1,0,0,0,1,0,0,0,con_ca1753a2e9eb53b396a948ee50167f03
epk_9aa9256e4ef3500c8d2cc32ccb31916e,atu_local_113,Amalgamated Transit Union Local 113,evt_ca435dada07f5ed9b041b7c3d24de732,2025-09-29,councillor,partial_evidence_only,2026-08-22,1,1,0,0,0,1,0,0,0,con_c8883aeeac29529eada91aebc451242b
epk_ff980a655dd05b04b894e536d3b6e37f,atu_local_113,Amalgamated Transit Union Local 113,evt_27c3a2e636a457f1b1f922774525b74a,2026-10-26,councillor,partial_evidence_only,2026-08-21,25,25,0,0,0,25,0,0,0,con_0408bfe48f1059ecbe918aec119f10a3|con_0d00ed8759a1559c82329352d94a7812|con_14cf7e0c0e4c578d9a2a0777404c36b1|con_25e09708c7c756b38cca57f2cf9f3b1e|con_25f46be8b0a857faa602e39531d4ed0c|con_29e8a0598b6d5fe18984bfe68b9d27f7|con_2bf1297cee4b5750992138d9da3c0dc0|con_34196d04855f52249d03362a5469c3c0|con_35fc512b3ae2545fa6ff408778ae144d|con_368b196a6cf154a88c9f1275824dc99e|con_419d313f6cfc5451ba26ad4687222e83|con_4b6815e8c2e155d881aba7f21ad5b69b|con_5212e699e2ab537eaf63c23b0952d1a1|con_5394ec9f2261502eb1947c064bfdaf8a|con_5ae0589c69375400b18fd5960241eeac|con_67daf6d284a75ecc8b775a05a871a58e|con_6ba310e4ba695121835a4fde58144a47|con_6efbf1ffbfee5e2cb5f5fab52dd98a91|con_719e754cd3eb5a8abbc6e78d6413ff60|con_8322c67bf27e5374a4da8de81ef663fc|con_bd42720679895e8eb848ffc148979026|con_cb4eea0a3dc657cc990d4fa53b4ae76f|con_ced450846b2e53ec8391a1a85ae3e75f|con_dbcfe2c3a43b5de292d63146a94cd52b|con_f5117910f9d358e48dec8f0fd7c77712
epk_d1500589e59a5b25b4478f94915e1876,atu_local_113,Amalgamated Transit Union Local 113,evt_27c3a2e636a457f1b1f922774525b74a,2026-10-26,mayor,partial_evidence_only,2026-08-21,1,1,0,0,0,1,0,0,0,con_f97200e8b8345e4b844e990437f0b077
epk_2d4be782d2985113a2860588b7136f88,cupe_ontario,CUPE Ontario,evt_d89f777f34365c37b114ca39fb376591,2003-11-10,councillor,partial_evidence_only,2026-08-22,44,44,0,0,0,44,0,0,0,con_02e530a81bf75a6bbf6b4ca0a9ea6738|con_04a4bbe5ef575c72b4ec49d601f24b71|con_18fc5604e3b45ef08d8af9b0813a1918|con_2317176dbf5e5a4fab7fd65b16359ebd|con_28b9bf4109765f57a3a7923479b37af9|con_2befcc6536315440902962b270ad7f70|con_3a262cc7bf83579eae79ce2032ea06d1|con_3c1699cb4b0257ae8cf61da26db0c160|con_46f4af62ff4956f5b31ebec2e77229fa|con_47f9c6bba0165404a3fec5492a0940b3|con_4b3374ab9039564fa8ed1cedf493a0e3|con_5f814673ab4050e5b50e46685dbfbecb|con_6131490bb0d75b1ba4033e2284df71f8|con_61eed2bcd6ce5343bea274fe8a8028bc|con_6beb6fc4da14503aa70fa94b8fe0b600|con_6d24ced99da9539aaaad476a9a2747f4|con_6d7f00a8037754c0a6f34579bee44966|con_727f839c8adc5531bd874edb6b663c05|con_744dd2f798b8521e8de9693750f474d2|con_7b92b7a12bbf5240a728cbe9d42aa420|con_7eba7d2b2ccb57e5aa6ab13c307b2517|con_802f842541d15d899e8f6acf3b86ae45|con_845cf9eb2c1b5ed6b35801d45f86cd82|con_88f5ccc6b744588da3d07590c5dca974|con_90b9ffb191415b13a8c7f334ef771513|con_95ddf0ee07b85a9da9038f871eeefaba|con_99b9fbf5df5f504eb0906d1c2b113d63|con_9d346093453659cba5591e6e2efd506a|con_a060705663a15882b307108144aa8720|con_ab103b8f3a915dd0b0131abea73fad5c|con_abe0e1350e7856ad9a70ffdc75dd84f2|con_ae44722023c153d7a460278c9b621435|con_b5ffb866cf475caca42769d641deb4a7|con_b9bda7a65c8a5e03a69746d0072f95c1|con_be3ee1a1a31f533885cbb71a268beda9|con_bf4b3cd94fcd50ba8d2259a6df440a17|con_c49857c2f0a6591fa165be262c38930c|con_d100fd7c171150b8b18125987b174c3d|con_d18675753b8f580c8834170f374d1e7c|con_d3ecc496be285eebb80559abe5d5f9f1|con_d69bc70f79a45bf397b2a657aa858e50|con_d9eeb6c962c854b58be1e179e2168cb1|con_ec88bd40dff858e695ae9533199be499|con_f3e797bac18a5e45a723ff263eafb93e
epk_0c6e7308eeb45d8b9dd210d69b2fb237,cupe_ontario,CUPE Ontario,evt_d89f777f34365c37b114ca39fb376591,2003-11-10,mayor,partial_evidence_only,2026-08-22,1,1,0,0,0,1,0,0,0,con_945161409a0450f29e351ff3f263f815
epk_03888eadc6125dc1a3eb73b355eb869c,cupe_ontario,CUPE Ontario,evt_159f073fa6f15c23a840651723d3c3af,2006-11-13,councillor,partial_evidence_only,2026-08-22,44,44,0,0,0,44,0,0,0,con_09d3330e921d5e53ae19007709e75bf9|con_0b8c9e853efa5e3da86b0f1eff65589e|con_107ad5f6c01f5d4389c8194358534375|con_17c2e1a7404c5641823443ca7a6dcc10|con_1969b3b6667f56549d1f35b90f606cbf|con_1c0aff783cfb5ac995b40930229ffd15|con_1fa443b3390f5d6691f7994877cf55c8|con_2070d155d42250abac2e50baf8c6bf39|con_218bbbaab66c59bc8d0d747f3ae2fb3c|con_2c70fd784be55c4794f8294a723dedb9|con_2c97298461635376899e36569d2c7be3|con_2f8a0c46b37950fd9149d9b62f1f0142|con_31d375f206cb5fe1955efa73ae9da43e|con_387d212e18c453e2a8eb298de5c374ff|con_393178f4fb765cd0bbeaa13d06dca32c|con_398774c449785307baa3822c581963e9|con_3ae0da024263524d8e13691dbeeadc88|con_46f7b754b02b57d0a651c417f9f0471d|con_4a5af0945c9a5a01ae50e3a5ea61b3fb|con_4ead7aa21a905ad7bd1838cb33f37045|con_59aa1ee85e2d51ca8dee4338d37665c2|con_610d1afaa15d592eb956835f8fd51600|con_76db9d7d1989548fadeac8b8116dc357|con_77f42d0ca0a15c57a01b5579fef4625a|con_83ded5c17ed75ca788f320a13b17dd08|con_86779f733e9f58e78227d4c49c260033|con_86a1f5b3235452b4a3cb3b3297e4dd51|con_88a17b76344c50ba9a3a118dd558c185|con_899c01be1cc951dfb79010a2fbd8ad10|con_9473b9c31bb55e62ac4432451881acf1|con_95ce62f8d45154c7836ec0372d2a416e|con_b1ec123602ab559c939e1aa02badcd71|con_b4c70c0c6f465c4091dce97cbbd286b3|con_c59d97019dab554698aea8cb6eeb469a|con_c760f9c404835bb595e5671cf893c340|con_c90c50ce5e7c59dbaf6f3fb8efe575fd|con_d0cb7c26d6e55def83cde1da2c9bc8c5|con_d42434b7f93353e6b9eeb64711b54648|con_d4f2ce7b93c75f4ca9c7bc73a4ba2a30|con_e7325536f8e85cffa249480df8a556a2|con_e93ddb13c85852b58b88208c71191394|con_ebbe0512549c59bc8a7a31e7ec5a59e9|con_f0bbc885a5535e28bc005ca644cc4e22|con_f449befd52f1538191ef612c9e711c45
epk_b90f0ee3c9b55738bd6dae73bcd4761b,cupe_ontario,CUPE Ontario,evt_159f073fa6f15c23a840651723d3c3af,2006-11-13,mayor,partial_evidence_only,2026-08-22,1,1,0,0,0,1,0,0,0,con_5d8609e7e7f4584ea28ad032690bdae8
epk_865b6344a1195b878571e7a31104cbb2,cupe_ontario,CUPE Ontario,evt_5a786c1da7ec5e758036205f04351fc5,2010-10-25,councillor,partial_evidence_only,2026-08-22,44,44,0,0,0,44,0,0,0,con_0a880ce7b6ad5bdaa2e2dc7b19601aa8|con_11ea4a9756fd5bc4a466dc797994b068|con_17593cee737354878c920526a9fa7afd|con_1a46b115b13d55619bcaf30903c183e3|con_1cf871058a8c5bc9a34c7dbdf6edca83|con_20589f7261325cd892231ed42321b3cf|con_272ca0eaeab656b89a5038bc74ad9988|con_2ce79e4f63945b9b90a05c245e9382fc|con_33da03ca4a1159089c55d78f4edd2bf3|con_3fd9226a06995ec78201f807f175b930|con_43b57e74c0a454db9f5ed346b6fc7095|con_4977aa6e0a865d788ed7ebf871e4027c|con_5587a8b9ae37546eb39a67333b5011ed|con_579cae8a3fa455a7a3e68d1b1900fffa|con_5c4da484552c546aaff98277d675d594|con_6240f694b6ce5307a2126a9103153475|con_662d709bee42574392549fc786efea0d|con_680464772a025da6aa5eaf650cefb52a|con_7bbdc7e302705fee987b1ebca87ef16d|con_8283f00fca6855af9a0a63e550482bda|con_834d568760e15dcdb0b423512c33fe9c|con_8a8efa738bef57fc9329489f768529c9|con_8c969ca3bbbb537382be9d4ed8dd7697|con_a160a05c9e3e5dd7b972cd5c16d456b0|con_a46853faf8a85598b55614ee5bfc99e2|con_a62a387b9ca8511db50248d4738f3eea|con_b6bdff47e14a590897fb7531e91999d1|con_bdb4bceb8d3d535e9d9284d19bf99bb0|con_be2d96cb623553cdbd79b303f9576bda|con_bf589c2ec43c513aa964b64309534ac6|con_c713b29e028a582893ad021c4a2b8546|con_cceb1911b8545151a85313ea9045fdd6|con_d6f7b1cb92f959ab9408dbb936bcf2ff|con_da88824c2975511d9432812d4988c9d5|con_e14c9528646b58ba89bddde54ae0f23e|con_e358c35644bd5b94b662f1e211fbc70e|con_e689393a84cc500bab2476e3913f093d|con_e78d7e5eb6975c7b98ef0efd13e5c783|con_e8d5ffca829d5a06ad87216dc76d6e6a|con_ebcb4d472e005fbbadabf9f6201cbe13|con_ed22821703705704bff31b43ed036014|con_edd7a5395e9a586bb5289cb5ed1106b3|con_f0cf1eca40845631b0bd4d4750413711|con_fc66f2cac25c5ea58dccc4005672bad8
epk_a4f8ecadf45f52cca3cc1c263bcfff1c,cupe_ontario,CUPE Ontario,evt_5a786c1da7ec5e758036205f04351fc5,2010-10-25,mayor,validated_package_found,2026-08-21,1,1,1,0,1,0,0,0,0,con_099fbf24dd655a0e8b1720fbe2215a6a
epk_5d18d307df2653939ee1c15b3c4e7315,cupe_ontario,CUPE Ontario,evt_54673fd104ab5ef08eb865e162ac040c,2014-10-27,councillor,partial_evidence_only,2026-08-22,44,44,0,0,0,44,0,0,0,con_004711e5bbda5d169a7774d906befd21|con_0dc4d6b99efa5f32a8f36b24d080bb2d|con_13660de4bc485cc68e0744199d21cb46|con_17f69fde16cb514bb16fb6e361c07fff|con_1e16e8a3edc55c77847b36d881fb8fe7|con_222bdce34cf75bbeb159589e8f46045b|con_2cf721e86d7a55de8cf53a0ae3f6413c|con_2d92299c561559d99eccb92c22f4eb47|con_2f43675e2c5c59b796fafde036252ed1|con_350f0c58a79a574d926206857445b2d9|con_4e3ebb6b13cb5d2396519f9df6fbdf4b|con_4e432b136b83537fb08e7e8485f4949c|con_5161ebd9ab2b5c55bfcd6eef433082c9|con_54d4d8b5d91f5df5ba8bfdf9c61296af|con_59bfad1b37305c63a378a4614deb11ae|con_5babda81dd6351a28a423340a03b5d8a|con_5c8144ae39615a3189a3691c99c5ea4e|con_5cb64f68c501559d960b05fb29843745|con_622c2ee026875ae4ac60200b1559e8f6|con_636fab9611ed540ebff54ad772a1827d|con_639f022801275cedb8f9b4fe82711ae3|con_643801dc921651c3a1ef5d96772fb13d|con_6629fd920f2b5a8d9b7959fafdd04a1a|con_6c708130eaa15c9080cc3cd3a207f63b|con_79a0aa63063d5dd6a5a2ed28c29ecec1|con_7acbde45d7355dbeb5327c8eff9039ed|con_7d07021e53b35a609a75560232a15fd1|con_7ee43d0beaab558c9788d151bbd8d067|con_82f64d71deda5204bf8ba5ab710c21e6|con_a3ad5138021a51309ade19f0cbc4ebe1|con_b123ac953da1590ebb8bca29f5eb3bdc|con_b592d84a34965294a78c84c50bab4ddb|con_c4de914fc9f15a3cab65125ee118d9c8|con_c57f0385335559e696305e7d4e632b40|con_c8a9dfe07ee5545eb20e21d12773c57e|con_d5af05a065045bf9adaf30847252c957|con_d61412ebefff5d2b8bc9183244150abf|con_d8e03f953ae157089237a1febc263587|con_e230d66a67245cd08a806de4208d288b|con_e2f423965407516280c8b3af41b9f5cf|con_e3f1226fd27e5ec6bf5d96a8439cc26a|con_e8f16f1721ce5517977fa5bc1f660248|con_f59fe6995c8b528dbd3cbfbb5c3277c8|con_fed30965855757d399c6acfbd6e6d4f4
epk_0e8c67192c7e596486afada38a6ee43e,cupe_ontario,CUPE Ontario,evt_54673fd104ab5ef08eb865e162ac040c,2014-10-27,mayor,partial_evidence_only,2026-08-22,1,1,0,0,0,1,0,0,0,con_9250eb2b2609550597520e68352ac56a
epk_ffc9bd7edb305e1986f38a3e519ddb8f,cupe_ontario,CUPE Ontario,evt_552c4874312956ae84afbbc5ee91b0f7,2016-07-25,councillor,partial_evidence_only,2026-08-22,1,1,0,0,0,1,0,0,0,con_e3ed783f131d579d8718d34c15675901
epk_858d2febd6435d49abc07ddd845044f7,cupe_ontario,CUPE Ontario,evt_b8284a5341635f79babdf7ddc512c2f6,2017-02-13,councillor,partial_evidence_only,2026-08-22,1,1,0,0,0,1,0,0,0,con_bb2bdc05e1365857b524a0a6596b48d5
epk_21932809cfff5ca7b150edbfa29e5989,cupe_ontario,CUPE Ontario,evt_e4fe1909276b5fbd91057022b350fff3,2018-10-22,councillor,partial_evidence_only,2026-08-22,25,25,0,0,0,25,0,0,0,con_147dca9e3758595d8766dc52d11a65f4|con_16fad19349255393a28639cd62e83ae3|con_1b8d99f619f758efb737805a20bcf6fb|con_2865d31031005dd897904c3f07e4d039|con_3a43982e2a0450b2a3f4c5241f6965d8|con_3fc9df4b254c5eb6a2a7fb629a124bfb|con_45eb3e143f1b5492b4652498c957ed6b|con_4def6d4e85f85950babb9030e4eae0cb|con_55f5230db0d85c499ce7cea0ce379f5f|con_612115bf42b450d3aeb63bb430d3aec9|con_6a1f4d7470675d869b3b11aede0812f2|con_6fd864aec40c5bbc9f3eb32d2e9e4379|con_7a4043e26d4256e78ee3861fb81e718a|con_7e6cf2fd75ba560a900bb024e72fe99c|con_810611751acb5e86ab30b3277e7e6dad|con_849867f583195ad38c77941612883bd9|con_8b4a03ef5a3c55c4ab20662c886b31a7|con_922d425132ad5243b459c0ca40a6dcd9|con_990816d2030b592787bdf4a19382627f|con_ac347f98e5715159b3adecf8debcbde8|con_c555f2e9b45051a8b960bdbb0ac6080a|con_c85783d7c9a4550bae21b8e14f2ff992|con_caa23fae586656b2bab11ee711073a2c|con_eeda9883ca2d57148405d41f7f5a80a4|con_f961284da53f5a38ba3a20e7e998ef4f
epk_73b95b9878315b4a888870369b81553f,cupe_ontario,CUPE Ontario,evt_e4fe1909276b5fbd91057022b350fff3,2018-10-22,mayor,partial_evidence_only,2026-08-22,1,1,0,0,0,1,0,0,0,con_b93d69f083ed511ab264f38cc1d8b94c
epk_3cc91dcecbb15727925c2707b544cbb2,cupe_ontario,CUPE Ontario,evt_50c15fe55fa753fba75abfada8da3c38,2021-01-15,councillor,partial_evidence_only,2026-08-22,1,1,0,0,0,1,0,0,0,con_53468b4ee3c7510aba4d708f584951a9
epk_feb4d5320d495ac097da10bf24225346,cupe_ontario,CUPE Ontario,evt_a52ef78967f05336bdb5d591fd50f122,2022-10-24,councillor,partial_evidence_only,2026-08-22,25,25,0,0,0,25,0,0,0,con_037ae72c455f558590ca04bc929df4cb|con_0d314382ba1a5d62b399c1eefc717cc1|con_27e80d547d0256149213a7e90956055b|con_2c0ca30fc75e51a3acf50c4693b1cc1b|con_43f8a49a6b095ee8a38c2a1aa0477382|con_52f50431db92559f8d4391fb2e932f16|con_6821258c9f7f598e829c8617b8765c25|con_8d2d5f08a1095a14abbcb526483a3aa0|con_91f80636385c5df5b2d409f9c9b389ed|con_9476d4c41a7d5fa48b97b47e28f9305d|con_98fc649f10ee5100a44520c1500dfac9|con_9e0a04dcf1245155b6f1fd50c6a83e99|con_a1f3f1e6009c53c7a9cbb88e7e2346c0|con_a548943febc15683bb34e547001ee6e7|con_ac0a746327ea57b39ba13add8456bbd3|con_af1f1cbea2a15cf4899bdd37d9fc80f7|con_b7158aa7285c513f8255b4f87166c723|con_bab4f35c5b9a51da935131d5c790bddf|con_bcc3da3d377f5fd3bb1d8a0c3ad7160b|con_c44af6fcb9ff527e8974217b3d633af1|con_c637e2ad153c516eb79ab5edb84161f8|con_c686b3ad3bd059d78db8cc44229817a0|con_db6acf978ec15e2c9ac0230649ef0609|con_e3987d425526548a844f6d73b662eac3|con_f8a855ebf8c250bda4eeed75246305b5
epk_187460079cd25fa3bfa079dd5f2f2484,cupe_ontario,CUPE Ontario,evt_a52ef78967f05336bdb5d591fd50f122,2022-10-24,mayor,partial_evidence_only,2026-08-22,1,1,0,0,0,1,0,0,0,con_778d3d5e612151bcb14703a9f987556d
epk_f5505ab85e745e1998a24de28a56dd1c,cupe_ontario,CUPE Ontario,evt_eabc9f0a14165449acd2f9a1e7d557ce,2023-06-26,mayor,validated_package_found,2026-08-21,1,1,1,0,1,0,0,0,0,con_e0aab60f6a3e50d59f1f09a1742a2ddd
epk_7afce2d85fc859c98090ac579d7a6e55,cupe_ontario,CUPE Ontario,evt_ee5715a80b5a532c8b778d94f6b7c9b8,2023-11-30,councillor,partial_evidence_only,2026-08-22,1,1,0,0,0,1,0,0,0,con_eccf9644aa2c598fa731d009a96fcf64
epk_fe116c6450e35f31b894221517c44a0a,cupe_ontario,CUPE Ontario,evt_af73d490abf95ffdae38ca2c830e51f4,2024-11-04,councillor,partial_evidence_only,2026-08-22,1,1,0,0,0,1,0,0,0,con_ca1753a2e9eb53b396a948ee50167f03
epk_872e59bc183c54349120e76478be5035,cupe_ontario,CUPE Ontario,evt_ca435dada07f5ed9b041b7c3d24de732,2025-09-29,councillor,validated_package_found,2026-08-22,1,1,1,0,1,0,0,0,0,con_c8883aeeac29529eada91aebc451242b
epk_a86d53770e195a14ad31add702befe15,cupe_ontario,CUPE Ontario,evt_27c3a2e636a457f1b1f922774525b74a,2026-10-26,councillor,partial_evidence_only,2026-08-21,25,25,0,0,0,25,0,0,0,con_0408bfe48f1059ecbe918aec119f10a3|con_0d00ed8759a1559c82329352d94a7812|con_14cf7e0c0e4c578d9a2a0777404c36b1|con_25e09708c7c756b38cca57f2cf9f3b1e|con_25f46be8b0a857faa602e39531d4ed0c|con_29e8a0598b6d5fe18984bfe68b9d27f7|con_2bf1297cee4b5750992138d9da3c0dc0|con_34196d04855f52249d03362a5469c3c0|con_35fc512b3ae2545fa6ff408778ae144d|con_368b196a6cf154a88c9f1275824dc99e|con_419d313f6cfc5451ba26ad4687222e83|con_4b6815e8c2e155d881aba7f21ad5b69b|con_5212e699e2ab537eaf63c23b0952d1a1|con_5394ec9f2261502eb1947c064bfdaf8a|con_5ae0589c69375400b18fd5960241eeac|con_67daf6d284a75ecc8b775a05a871a58e|con_6ba310e4ba695121835a4fde58144a47|con_6efbf1ffbfee5e2cb5f5fab52dd98a91|con_719e754cd3eb5a8abbc6e78d6413ff60|con_8322c67bf27e5374a4da8de81ef663fc|con_bd42720679895e8eb848ffc148979026|con_cb4eea0a3dc657cc990d4fa53b4ae76f|con_ced450846b2e53ec8391a1a85ae3e75f|con_dbcfe2c3a43b5de292d63146a94cd52b|con_f5117910f9d358e48dec8f0fd7c77712
epk_238a02811f0e56f1930af98d987b0600,cupe_ontario,CUPE Ontario,evt_27c3a2e636a457f1b1f922774525b74a,2026-10-26,mayor,partial_evidence_only,2026-08-21,1,1,0,0,0,1,0,0,0,con_f97200e8b8345e4b844e990437f0b077
epk_2a1905a3e7245524b505be4a76ef2eee,david_miller,David Miller,evt_159f073fa6f15c23a840651723d3c3af,2006-11-13,councillor,partial_evidence_only,2026-08-22,44,44,2,0,0,44,0,0,0,con_09d3330e921d5e53ae19007709e75bf9|con_0b8c9e853efa5e3da86b0f1eff65589e|con_107ad5f6c01f5d4389c8194358534375|con_17c2e1a7404c5641823443ca7a6dcc10|con_1969b3b6667f56549d1f35b90f606cbf|con_1c0aff783cfb5ac995b40930229ffd15|con_1fa443b3390f5d6691f7994877cf55c8|con_2070d155d42250abac2e50baf8c6bf39|con_218bbbaab66c59bc8d0d747f3ae2fb3c|con_2c70fd784be55c4794f8294a723dedb9|con_2c97298461635376899e36569d2c7be3|con_2f8a0c46b37950fd9149d9b62f1f0142|con_31d375f206cb5fe1955efa73ae9da43e|con_387d212e18c453e2a8eb298de5c374ff|con_393178f4fb765cd0bbeaa13d06dca32c|con_398774c449785307baa3822c581963e9|con_3ae0da024263524d8e13691dbeeadc88|con_46f7b754b02b57d0a651c417f9f0471d|con_4a5af0945c9a5a01ae50e3a5ea61b3fb|con_4ead7aa21a905ad7bd1838cb33f37045|con_59aa1ee85e2d51ca8dee4338d37665c2|con_610d1afaa15d592eb956835f8fd51600|con_76db9d7d1989548fadeac8b8116dc357|con_77f42d0ca0a15c57a01b5579fef4625a|con_83ded5c17ed75ca788f320a13b17dd08|con_86779f733e9f58e78227d4c49c260033|con_86a1f5b3235452b4a3cb3b3297e4dd51|con_88a17b76344c50ba9a3a118dd558c185|con_899c01be1cc951dfb79010a2fbd8ad10|con_9473b9c31bb55e62ac4432451881acf1|con_95ce62f8d45154c7836ec0372d2a416e|con_b1ec123602ab559c939e1aa02badcd71|con_b4c70c0c6f465c4091dce97cbbd286b3|con_c59d97019dab554698aea8cb6eeb469a|con_c760f9c404835bb595e5671cf893c340|con_c90c50ce5e7c59dbaf6f3fb8efe575fd|con_d0cb7c26d6e55def83cde1da2c9bc8c5|con_d42434b7f93353e6b9eeb64711b54648|con_d4f2ce7b93c75f4ca9c7bc73a4ba2a30|con_e7325536f8e85cffa249480df8a556a2|con_e93ddb13c85852b58b88208c71191394|con_ebbe0512549c59bc8a7a31e7ec5a59e9|con_f0bbc885a5535e28bc005ca644cc4e22|con_f449befd52f1538191ef612c9e711c45
epk_cf6083b0b55852f2b866fa8f8aa5f49d,david_miller,David Miller,evt_159f073fa6f15c23a840651723d3c3af,2006-11-13,mayor,not_yet_searched,,1,1,0,0,0,0,0,0,1,con_5d8609e7e7f4584ea28ad032690bdae8
epk_7491f86b92995b8d877635008b3cd3e2,david_miller,David Miller,evt_5a786c1da7ec5e758036205f04351fc5,2010-10-25,councillor,partial_evidence_only,2026-08-22,44,44,1,0,0,44,0,0,0,con_0a880ce7b6ad5bdaa2e2dc7b19601aa8|con_11ea4a9756fd5bc4a466dc797994b068|con_17593cee737354878c920526a9fa7afd|con_1a46b115b13d55619bcaf30903c183e3|con_1cf871058a8c5bc9a34c7dbdf6edca83|con_20589f7261325cd892231ed42321b3cf|con_272ca0eaeab656b89a5038bc74ad9988|con_2ce79e4f63945b9b90a05c245e9382fc|con_33da03ca4a1159089c55d78f4edd2bf3|con_3fd9226a06995ec78201f807f175b930|con_43b57e74c0a454db9f5ed346b6fc7095|con_4977aa6e0a865d788ed7ebf871e4027c|con_5587a8b9ae37546eb39a67333b5011ed|con_579cae8a3fa455a7a3e68d1b1900fffa|con_5c4da484552c546aaff98277d675d594|con_6240f694b6ce5307a2126a9103153475|con_662d709bee42574392549fc786efea0d|con_680464772a025da6aa5eaf650cefb52a|con_7bbdc7e302705fee987b1ebca87ef16d|con_8283f00fca6855af9a0a63e550482bda|con_834d568760e15dcdb0b423512c33fe9c|con_8a8efa738bef57fc9329489f768529c9|con_8c969ca3bbbb537382be9d4ed8dd7697|con_a160a05c9e3e5dd7b972cd5c16d456b0|con_a46853faf8a85598b55614ee5bfc99e2|con_a62a387b9ca8511db50248d4738f3eea|con_b6bdff47e14a590897fb7531e91999d1|con_bdb4bceb8d3d535e9d9284d19bf99bb0|con_be2d96cb623553cdbd79b303f9576bda|con_bf589c2ec43c513aa964b64309534ac6|con_c713b29e028a582893ad021c4a2b8546|con_cceb1911b8545151a85313ea9045fdd6|con_d6f7b1cb92f959ab9408dbb936bcf2ff|con_da88824c2975511d9432812d4988c9d5|con_e14c9528646b58ba89bddde54ae0f23e|con_e358c35644bd5b94b662f1e211fbc70e|con_e689393a84cc500bab2476e3913f093d|con_e78d7e5eb6975c7b98ef0efd13e5c783|con_e8d5ffca829d5a06ad87216dc76d6e6a|con_ebcb4d472e005fbbadabf9f6201cbe13|con_ed22821703705704bff31b43ed036014|con_edd7a5395e9a586bb5289cb5ed1106b3|con_f0cf1eca40845631b0bd4d4750413711|con_fc66f2cac25c5ea58dccc4005672bad8
epk_250626123e5c5171909312b28589526c,david_miller,David Miller,evt_5a786c1da7ec5e758036205f04351fc5,2010-10-25,mayor,partial_evidence_only,,1,1,1,0,0,0,0,0,1,con_099fbf24dd655a0e8b1720fbe2215a6a
epk_0149e884b38c59d2ae39fe18a6891799,david_miller,David Miller,evt_54673fd104ab5ef08eb865e162ac040c,2014-10-27,councillor,not_yet_searched,,44,44,0,0,0,0,0,0,44,con_004711e5bbda5d169a7774d906befd21|con_0dc4d6b99efa5f32a8f36b24d080bb2d|con_13660de4bc485cc68e0744199d21cb46|con_17f69fde16cb514bb16fb6e361c07fff|con_1e16e8a3edc55c77847b36d881fb8fe7|con_222bdce34cf75bbeb159589e8f46045b|con_2cf721e86d7a55de8cf53a0ae3f6413c|con_2d92299c561559d99eccb92c22f4eb47|con_2f43675e2c5c59b796fafde036252ed1|con_350f0c58a79a574d926206857445b2d9|con_4e3ebb6b13cb5d2396519f9df6fbdf4b|con_4e432b136b83537fb08e7e8485f4949c|con_5161ebd9ab2b5c55bfcd6eef433082c9|con_54d4d8b5d91f5df5ba8bfdf9c61296af|con_59bfad1b37305c63a378a4614deb11ae|con_5babda81dd6351a28a423340a03b5d8a|con_5c8144ae39615a3189a3691c99c5ea4e|con_5cb64f68c501559d960b05fb29843745|con_622c2ee026875ae4ac60200b1559e8f6|con_636fab9611ed540ebff54ad772a1827d|con_639f022801275cedb8f9b4fe82711ae3|con_643801dc921651c3a1ef5d96772fb13d|con_6629fd920f2b5a8d9b7959fafdd04a1a|con_6c708130eaa15c9080cc3cd3a207f63b|con_79a0aa63063d5dd6a5a2ed28c29ecec1|con_7acbde45d7355dbeb5327c8eff9039ed|con_7d07021e53b35a609a75560232a15fd1|con_7ee43d0beaab558c9788d151bbd8d067|con_82f64d71deda5204bf8ba5ab710c21e6|con_a3ad5138021a51309ade19f0cbc4ebe1|con_b123ac953da1590ebb8bca29f5eb3bdc|con_b592d84a34965294a78c84c50bab4ddb|con_c4de914fc9f15a3cab65125ee118d9c8|con_c57f0385335559e696305e7d4e632b40|con_c8a9dfe07ee5545eb20e21d12773c57e|con_d5af05a065045bf9adaf30847252c957|con_d61412ebefff5d2b8bc9183244150abf|con_d8e03f953ae157089237a1febc263587|con_e230d66a67245cd08a806de4208d288b|con_e2f423965407516280c8b3af41b9f5cf|con_e3f1226fd27e5ec6bf5d96a8439cc26a|con_e8f16f1721ce5517977fa5bc1f660248|con_f59fe6995c8b528dbd3cbfbb5c3277c8|con_fed30965855757d399c6acfbd6e6d4f4
epk_9db74a578064509ba132cae29af658b8,david_miller,David Miller,evt_54673fd104ab5ef08eb865e162ac040c,2014-10-27,mayor,not_yet_searched,,1,1,0,0,0,0,0,0,1,con_9250eb2b2609550597520e68352ac56a
epk_78329c324d925ca79bdb070217d9fd4e,david_miller,David Miller,evt_552c4874312956ae84afbbc5ee91b0f7,2016-07-25,councillor,not_yet_searched,,1,1,0,0,0,0,0,0,1,con_e3ed783f131d579d8718d34c15675901
epk_f3f3d31c06c95834bd271911fe7411cc,david_miller,David Miller,evt_b8284a5341635f79babdf7ddc512c2f6,2017-02-13,councillor,not_yet_searched,,1,1,0,0,0,0,0,0,1,con_bb2bdc05e1365857b524a0a6596b48d5
epk_785cf8e7649f5b38b8fc6866c44274ea,david_miller,David Miller,evt_e4fe1909276b5fbd91057022b350fff3,2018-10-22,councillor,not_yet_searched,,25,25,0,0,0,0,0,0,25,con_147dca9e3758595d8766dc52d11a65f4|con_16fad19349255393a28639cd62e83ae3|con_1b8d99f619f758efb737805a20bcf6fb|con_2865d31031005dd897904c3f07e4d039|con_3a43982e2a0450b2a3f4c5241f6965d8|con_3fc9df4b254c5eb6a2a7fb629a124bfb|con_45eb3e143f1b5492b4652498c957ed6b|con_4def6d4e85f85950babb9030e4eae0cb|con_55f5230db0d85c499ce7cea0ce379f5f|con_612115bf42b450d3aeb63bb430d3aec9|con_6a1f4d7470675d869b3b11aede0812f2|con_6fd864aec40c5bbc9f3eb32d2e9e4379|con_7a4043e26d4256e78ee3861fb81e718a|con_7e6cf2fd75ba560a900bb024e72fe99c|con_810611751acb5e86ab30b3277e7e6dad|con_849867f583195ad38c77941612883bd9|con_8b4a03ef5a3c55c4ab20662c886b31a7|con_922d425132ad5243b459c0ca40a6dcd9|con_990816d2030b592787bdf4a19382627f|con_ac347f98e5715159b3adecf8debcbde8|con_c555f2e9b45051a8b960bdbb0ac6080a|con_c85783d7c9a4550bae21b8e14f2ff992|con_caa23fae586656b2bab11ee711073a2c|con_eeda9883ca2d57148405d41f7f5a80a4|con_f961284da53f5a38ba3a20e7e998ef4f
epk_d079f23edd4659958178f24275e15f73,david_miller,David Miller,evt_e4fe1909276b5fbd91057022b350fff3,2018-10-22,mayor,not_yet_searched,,1,1,0,0,0,0,0,0,1,con_b93d69f083ed511ab264f38cc1d8b94c
epk_4ef37c0b1cd7568c882e232372b71db7,david_miller,David Miller,evt_50c15fe55fa753fba75abfada8da3c38,2021-01-15,councillor,not_yet_searched,,1,1,0,0,0,0,0,0,1,con_53468b4ee3c7510aba4d708f584951a9
epk_b8a01c3bf36b5ad6bef2e58245fbc61d,david_miller,David Miller,evt_a52ef78967f05336bdb5d591fd50f122,2022-10-24,councillor,not_yet_searched,,25,25,0,0,0,0,0,0,25,con_037ae72c455f558590ca04bc929df4cb|con_0d314382ba1a5d62b399c1eefc717cc1|con_27e80d547d0256149213a7e90956055b|con_2c0ca30fc75e51a3acf50c4693b1cc1b|con_43f8a49a6b095ee8a38c2a1aa0477382|con_52f50431db92559f8d4391fb2e932f16|con_6821258c9f7f598e829c8617b8765c25|con_8d2d5f08a1095a14abbcb526483a3aa0|con_91f80636385c5df5b2d409f9c9b389ed|con_9476d4c41a7d5fa48b97b47e28f9305d|con_98fc649f10ee5100a44520c1500dfac9|con_9e0a04dcf1245155b6f1fd50c6a83e99|con_a1f3f1e6009c53c7a9cbb88e7e2346c0|con_a548943febc15683bb34e547001ee6e7|con_ac0a746327ea57b39ba13add8456bbd3|con_af1f1cbea2a15cf4899bdd37d9fc80f7|con_b7158aa7285c513f8255b4f87166c723|con_bab4f35c5b9a51da935131d5c790bddf|con_bcc3da3d377f5fd3bb1d8a0c3ad7160b|con_c44af6fcb9ff527e8974217b3d633af1|con_c637e2ad153c516eb79ab5edb84161f8|con_c686b3ad3bd059d78db8cc44229817a0|con_db6acf978ec15e2c9ac0230649ef0609|con_e3987d425526548a844f6d73b662eac3|con_f8a855ebf8c250bda4eeed75246305b5
epk_43f1e7a1cb035b07a05215b4c1a1d748,david_miller,David Miller,evt_a52ef78967f05336bdb5d591fd50f122,2022-10-24,mayor,not_yet_searched,,1,1,0,0,0,0,0,0,1,con_778d3d5e612151bcb14703a9f987556d
epk_dab6b90b3c3657e0b75a78d414defb4f,david_miller,David Miller,evt_eabc9f0a14165449acd2f9a1e7d557ce,2023-06-26,mayor,not_yet_searched,,1,1,0,0,0,0,0,0,1,con_e0aab60f6a3e50d59f1f09a1742a2ddd
epk_802e69523dbd5c4c866167d29cf1397f,david_miller,David Miller,evt_ee5715a80b5a532c8b778d94f6b7c9b8,2023-11-30,councillor,not_yet_searched,,1,1,0,0,0,0,0,0,1,con_eccf9644aa2c598fa731d009a96fcf64
epk_f5c97624215054cfbf13801510f03ae2,david_miller,David Miller,evt_af73d490abf95ffdae38ca2c830e51f4,2024-11-04,councillor,not_yet_searched,,1,1,0,0,0,0,0,0,1,con_ca1753a2e9eb53b396a948ee50167f03
epk_562d452304cf5a30b584eb9cb990fe96,david_miller,David Miller,evt_ca435dada07f5ed9b041b7c3d24de732,2025-09-29,councillor,not_yet_searched,,1,1,0,0,0,0,0,0,1,con_c8883aeeac29529eada91aebc451242b
epk_2ac2dafd04665274b676e56c007a4718,david_miller,David Miller,evt_27c3a2e636a457f1b1f922774525b74a,2026-10-26,councillor,partial_evidence_only,2026-08-21,25,25,0,0,0,25,0,0,0,con_0408bfe48f1059ecbe918aec119f10a3|con_0d00ed8759a1559c82329352d94a7812|con_14cf7e0c0e4c578d9a2a0777404c36b1|con_25e09708c7c756b38cca57f2cf9f3b1e|con_25f46be8b0a857faa602e39531d4ed0c|con_29e8a0598b6d5fe18984bfe68b9d27f7|con_2bf1297cee4b5750992138d9da3c0dc0|con_34196d04855f52249d03362a5469c3c0|con_35fc512b3ae2545fa6ff408778ae144d|con_368b196a6cf154a88c9f1275824dc99e|con_419d313f6cfc5451ba26ad4687222e83|con_4b6815e8c2e155d881aba7f21ad5b69b|con_5212e699e2ab537eaf63c23b0952d1a1|con_5394ec9f2261502eb1947c064bfdaf8a|con_5ae0589c69375400b18fd5960241eeac|con_67daf6d284a75ecc8b775a05a871a58e|con_6ba310e4ba695121835a4fde58144a47|con_6efbf1ffbfee5e2cb5f5fab52dd98a91|con_719e754cd3eb5a8abbc6e78d6413ff60|con_8322c67bf27e5374a4da8de81ef663fc|con_bd42720679895e8eb848ffc148979026|con_cb4eea0a3dc657cc990d4fa53b4ae76f|con_ced450846b2e53ec8391a1a85ae3e75f|con_dbcfe2c3a43b5de292d63146a94cd52b|con_f5117910f9d358e48dec8f0fd7c77712
epk_1f28436c2eb85a4d926486d3d7cb3764,david_miller,David Miller,evt_27c3a2e636a457f1b1f922774525b74a,2026-10-26,mayor,partial_evidence_only,2026-08-21,1,1,0,0,0,1,0,0,0,con_f97200e8b8345e4b844e990437f0b077
epk_dcdf1e3da29e51199fdddb1726bc5df9,ett,Elementary Teachers of Toronto (ETT),evt_d89f777f34365c37b114ca39fb376591,2003-11-10,councillor,partial_evidence_only,2026-08-22,44,44,0,0,0,44,0,0,0,con_02e530a81bf75a6bbf6b4ca0a9ea6738|con_04a4bbe5ef575c72b4ec49d601f24b71|con_18fc5604e3b45ef08d8af9b0813a1918|con_2317176dbf5e5a4fab7fd65b16359ebd|con_28b9bf4109765f57a3a7923479b37af9|con_2befcc6536315440902962b270ad7f70|con_3a262cc7bf83579eae79ce2032ea06d1|con_3c1699cb4b0257ae8cf61da26db0c160|con_46f4af62ff4956f5b31ebec2e77229fa|con_47f9c6bba0165404a3fec5492a0940b3|con_4b3374ab9039564fa8ed1cedf493a0e3|con_5f814673ab4050e5b50e46685dbfbecb|con_6131490bb0d75b1ba4033e2284df71f8|con_61eed2bcd6ce5343bea274fe8a8028bc|con_6beb6fc4da14503aa70fa94b8fe0b600|con_6d24ced99da9539aaaad476a9a2747f4|con_6d7f00a8037754c0a6f34579bee44966|con_727f839c8adc5531bd874edb6b663c05|con_744dd2f798b8521e8de9693750f474d2|con_7b92b7a12bbf5240a728cbe9d42aa420|con_7eba7d2b2ccb57e5aa6ab13c307b2517|con_802f842541d15d899e8f6acf3b86ae45|con_845cf9eb2c1b5ed6b35801d45f86cd82|con_88f5ccc6b744588da3d07590c5dca974|con_90b9ffb191415b13a8c7f334ef771513|con_95ddf0ee07b85a9da9038f871eeefaba|con_99b9fbf5df5f504eb0906d1c2b113d63|con_9d346093453659cba5591e6e2efd506a|con_a060705663a15882b307108144aa8720|con_ab103b8f3a915dd0b0131abea73fad5c|con_abe0e1350e7856ad9a70ffdc75dd84f2|con_ae44722023c153d7a460278c9b621435|con_b5ffb866cf475caca42769d641deb4a7|con_b9bda7a65c8a5e03a69746d0072f95c1|con_be3ee1a1a31f533885cbb71a268beda9|con_bf4b3cd94fcd50ba8d2259a6df440a17|con_c49857c2f0a6591fa165be262c38930c|con_d100fd7c171150b8b18125987b174c3d|con_d18675753b8f580c8834170f374d1e7c|con_d3ecc496be285eebb80559abe5d5f9f1|con_d69bc70f79a45bf397b2a657aa858e50|con_d9eeb6c962c854b58be1e179e2168cb1|con_ec88bd40dff858e695ae9533199be499|con_f3e797bac18a5e45a723ff263eafb93e
epk_2ebd2c0684675153adae1ed1827702d4,ett,Elementary Teachers of Toronto (ETT),evt_d89f777f34365c37b114ca39fb376591,2003-11-10,mayor,partial_evidence_only,2026-08-22,1,1,0,0,0,1,0,0,0,con_945161409a0450f29e351ff3f263f815
epk_16870bb37ba65816bfcbc54891f0007b,ett,Elementary Teachers of Toronto (ETT),evt_159f073fa6f15c23a840651723d3c3af,2006-11-13,councillor,partial_evidence_only,2026-08-22,44,44,0,0,0,44,0,0,0,con_09d3330e921d5e53ae19007709e75bf9|con_0b8c9e853efa5e3da86b0f1eff65589e|con_107ad5f6c01f5d4389c8194358534375|con_17c2e1a7404c5641823443ca7a6dcc10|con_1969b3b6667f56549d1f35b90f606cbf|con_1c0aff783cfb5ac995b40930229ffd15|con_1fa443b3390f5d6691f7994877cf55c8|con_2070d155d42250abac2e50baf8c6bf39|con_218bbbaab66c59bc8d0d747f3ae2fb3c|con_2c70fd784be55c4794f8294a723dedb9|con_2c97298461635376899e36569d2c7be3|con_2f8a0c46b37950fd9149d9b62f1f0142|con_31d375f206cb5fe1955efa73ae9da43e|con_387d212e18c453e2a8eb298de5c374ff|con_393178f4fb765cd0bbeaa13d06dca32c|con_398774c449785307baa3822c581963e9|con_3ae0da024263524d8e13691dbeeadc88|con_46f7b754b02b57d0a651c417f9f0471d|con_4a5af0945c9a5a01ae50e3a5ea61b3fb|con_4ead7aa21a905ad7bd1838cb33f37045|con_59aa1ee85e2d51ca8dee4338d37665c2|con_610d1afaa15d592eb956835f8fd51600|con_76db9d7d1989548fadeac8b8116dc357|con_77f42d0ca0a15c57a01b5579fef4625a|con_83ded5c17ed75ca788f320a13b17dd08|con_86779f733e9f58e78227d4c49c260033|con_86a1f5b3235452b4a3cb3b3297e4dd51|con_88a17b76344c50ba9a3a118dd558c185|con_899c01be1cc951dfb79010a2fbd8ad10|con_9473b9c31bb55e62ac4432451881acf1|con_95ce62f8d45154c7836ec0372d2a416e|con_b1ec123602ab559c939e1aa02badcd71|con_b4c70c0c6f465c4091dce97cbbd286b3|con_c59d97019dab554698aea8cb6eeb469a|con_c760f9c404835bb595e5671cf893c340|con_c90c50ce5e7c59dbaf6f3fb8efe575fd|con_d0cb7c26d6e55def83cde1da2c9bc8c5|con_d42434b7f93353e6b9eeb64711b54648|con_d4f2ce7b93c75f4ca9c7bc73a4ba2a30|con_e7325536f8e85cffa249480df8a556a2|con_e93ddb13c85852b58b88208c71191394|con_ebbe0512549c59bc8a7a31e7ec5a59e9|con_f0bbc885a5535e28bc005ca644cc4e22|con_f449befd52f1538191ef612c9e711c45
epk_431d5661989c5efe8e8555da6cc28aa4,ett,Elementary Teachers of Toronto (ETT),evt_159f073fa6f15c23a840651723d3c3af,2006-11-13,mayor,partial_evidence_only,2026-08-22,1,1,0,0,0,1,0,0,0,con_5d8609e7e7f4584ea28ad032690bdae8
epk_0590cf01b9dc502f9e873c2343b7617d,ett,Elementary Teachers of Toronto (ETT),evt_5a786c1da7ec5e758036205f04351fc5,2010-10-25,councillor,partial_evidence_only,2026-08-22,44,44,0,0,0,44,0,0,0,con_0a880ce7b6ad5bdaa2e2dc7b19601aa8|con_11ea4a9756fd5bc4a466dc797994b068|con_17593cee737354878c920526a9fa7afd|con_1a46b115b13d55619bcaf30903c183e3|con_1cf871058a8c5bc9a34c7dbdf6edca83|con_20589f7261325cd892231ed42321b3cf|con_272ca0eaeab656b89a5038bc74ad9988|con_2ce79e4f63945b9b90a05c245e9382fc|con_33da03ca4a1159089c55d78f4edd2bf3|con_3fd9226a06995ec78201f807f175b930|con_43b57e74c0a454db9f5ed346b6fc7095|con_4977aa6e0a865d788ed7ebf871e4027c|con_5587a8b9ae37546eb39a67333b5011ed|con_579cae8a3fa455a7a3e68d1b1900fffa|con_5c4da484552c546aaff98277d675d594|con_6240f694b6ce5307a2126a9103153475|con_662d709bee42574392549fc786efea0d|con_680464772a025da6aa5eaf650cefb52a|con_7bbdc7e302705fee987b1ebca87ef16d|con_8283f00fca6855af9a0a63e550482bda|con_834d568760e15dcdb0b423512c33fe9c|con_8a8efa738bef57fc9329489f768529c9|con_8c969ca3bbbb537382be9d4ed8dd7697|con_a160a05c9e3e5dd7b972cd5c16d456b0|con_a46853faf8a85598b55614ee5bfc99e2|con_a62a387b9ca8511db50248d4738f3eea|con_b6bdff47e14a590897fb7531e91999d1|con_bdb4bceb8d3d535e9d9284d19bf99bb0|con_be2d96cb623553cdbd79b303f9576bda|con_bf589c2ec43c513aa964b64309534ac6|con_c713b29e028a582893ad021c4a2b8546|con_cceb1911b8545151a85313ea9045fdd6|con_d6f7b1cb92f959ab9408dbb936bcf2ff|con_da88824c2975511d9432812d4988c9d5|con_e14c9528646b58ba89bddde54ae0f23e|con_e358c35644bd5b94b662f1e211fbc70e|con_e689393a84cc500bab2476e3913f093d|con_e78d7e5eb6975c7b98ef0efd13e5c783|con_e8d5ffca829d5a06ad87216dc76d6e6a|con_ebcb4d472e005fbbadabf9f6201cbe13|con_ed22821703705704bff31b43ed036014|con_edd7a5395e9a586bb5289cb5ed1106b3|con_f0cf1eca40845631b0bd4d4750413711|con_fc66f2cac25c5ea58dccc4005672bad8
epk_aaee8d69de7e5fc9a063a91a54feacb6,ett,Elementary Teachers of Toronto (ETT),evt_5a786c1da7ec5e758036205f04351fc5,2010-10-25,mayor,partial_evidence_only,2026-08-22,1,1,0,0,0,1,0,0,0,con_099fbf24dd655a0e8b1720fbe2215a6a
epk_2c21ad95ce5c5e8f8ebea1385c260e4b,ett,Elementary Teachers of Toronto (ETT),evt_54673fd104ab5ef08eb865e162ac040c,2014-10-27,councillor,partial_evidence_only,2026-08-22,44,44,0,0,0,44,0,0,0,con_004711e5bbda5d169a7774d906befd21|con_0dc4d6b99efa5f32a8f36b24d080bb2d|con_13660de4bc485cc68e0744199d21cb46|con_17f69fde16cb514bb16fb6e361c07fff|con_1e16e8a3edc55c77847b36d881fb8fe7|con_222bdce34cf75bbeb159589e8f46045b|con_2cf721e86d7a55de8cf53a0ae3f6413c|con_2d92299c561559d99eccb92c22f4eb47|con_2f43675e2c5c59b796fafde036252ed1|con_350f0c58a79a574d926206857445b2d9|con_4e3ebb6b13cb5d2396519f9df6fbdf4b|con_4e432b136b83537fb08e7e8485f4949c|con_5161ebd9ab2b5c55bfcd6eef433082c9|con_54d4d8b5d91f5df5ba8bfdf9c61296af|con_59bfad1b37305c63a378a4614deb11ae|con_5babda81dd6351a28a423340a03b5d8a|con_5c8144ae39615a3189a3691c99c5ea4e|con_5cb64f68c501559d960b05fb29843745|con_622c2ee026875ae4ac60200b1559e8f6|con_636fab9611ed540ebff54ad772a1827d|con_639f022801275cedb8f9b4fe82711ae3|con_643801dc921651c3a1ef5d96772fb13d|con_6629fd920f2b5a8d9b7959fafdd04a1a|con_6c708130eaa15c9080cc3cd3a207f63b|con_79a0aa63063d5dd6a5a2ed28c29ecec1|con_7acbde45d7355dbeb5327c8eff9039ed|con_7d07021e53b35a609a75560232a15fd1|con_7ee43d0beaab558c9788d151bbd8d067|con_82f64d71deda5204bf8ba5ab710c21e6|con_a3ad5138021a51309ade19f0cbc4ebe1|con_b123ac953da1590ebb8bca29f5eb3bdc|con_b592d84a34965294a78c84c50bab4ddb|con_c4de914fc9f15a3cab65125ee118d9c8|con_c57f0385335559e696305e7d4e632b40|con_c8a9dfe07ee5545eb20e21d12773c57e|con_d5af05a065045bf9adaf30847252c957|con_d61412ebefff5d2b8bc9183244150abf|con_d8e03f953ae157089237a1febc263587|con_e230d66a67245cd08a806de4208d288b|con_e2f423965407516280c8b3af41b9f5cf|con_e3f1226fd27e5ec6bf5d96a8439cc26a|con_e8f16f1721ce5517977fa5bc1f660248|con_f59fe6995c8b528dbd3cbfbb5c3277c8|con_fed30965855757d399c6acfbd6e6d4f4
epk_b9ded8241e1a5689846d93967343394d,ett,Elementary Teachers of Toronto (ETT),evt_54673fd104ab5ef08eb865e162ac040c,2014-10-27,mayor,validated_package_found,2026-08-21,1,1,1,0,1,0,0,0,0,con_9250eb2b2609550597520e68352ac56a
epk_67de56c61d935d5198a948ce98448aa8,ett,Elementary Teachers of Toronto (ETT),evt_552c4874312956ae84afbbc5ee91b0f7,2016-07-25,councillor,partial_evidence_only,2026-08-22,1,1,0,0,0,1,0,0,0,con_e3ed783f131d579d8718d34c15675901
epk_016976346fd75585a77f4caba15845ae,ett,Elementary Teachers of Toronto (ETT),evt_b8284a5341635f79babdf7ddc512c2f6,2017-02-13,councillor,partial_evidence_only,2026-08-22,1,1,0,0,0,1,0,0,0,con_bb2bdc05e1365857b524a0a6596b48d5
epk_032b55ec58355d649932af8861897c20,ett,Elementary Teachers of Toronto (ETT),evt_e4fe1909276b5fbd91057022b350fff3,2018-10-22,councillor,partial_evidence_only,2026-08-22,25,25,0,0,0,25,0,0,0,con_147dca9e3758595d8766dc52d11a65f4|con_16fad19349255393a28639cd62e83ae3|con_1b8d99f619f758efb737805a20bcf6fb|con_2865d31031005dd897904c3f07e4d039|con_3a43982e2a0450b2a3f4c5241f6965d8|con_3fc9df4b254c5eb6a2a7fb629a124bfb|con_45eb3e143f1b5492b4652498c957ed6b|con_4def6d4e85f85950babb9030e4eae0cb|con_55f5230db0d85c499ce7cea0ce379f5f|con_612115bf42b450d3aeb63bb430d3aec9|con_6a1f4d7470675d869b3b11aede0812f2|con_6fd864aec40c5bbc9f3eb32d2e9e4379|con_7a4043e26d4256e78ee3861fb81e718a|con_7e6cf2fd75ba560a900bb024e72fe99c|con_810611751acb5e86ab30b3277e7e6dad|con_849867f583195ad38c77941612883bd9|con_8b4a03ef5a3c55c4ab20662c886b31a7|con_922d425132ad5243b459c0ca40a6dcd9|con_990816d2030b592787bdf4a19382627f|con_ac347f98e5715159b3adecf8debcbde8|con_c555f2e9b45051a8b960bdbb0ac6080a|con_c85783d7c9a4550bae21b8e14f2ff992|con_caa23fae586656b2bab11ee711073a2c|con_eeda9883ca2d57148405d41f7f5a80a4|con_f961284da53f5a38ba3a20e7e998ef4f
epk_940ae7245b1b5c6cbe0a751e8cc926f5,ett,Elementary Teachers of Toronto (ETT),evt_e4fe1909276b5fbd91057022b350fff3,2018-10-22,mayor,validated_package_found,2026-08-21,1,1,1,0,1,0,0,0,0,con_b93d69f083ed511ab264f38cc1d8b94c
epk_ffc4c4ea6c8f51788276cd3e04cdb2ee,ett,Elementary Teachers of Toronto (ETT),evt_50c15fe55fa753fba75abfada8da3c38,2021-01-15,councillor,validated_package_found,2026-08-21,1,1,1,0,1,0,0,0,0,con_53468b4ee3c7510aba4d708f584951a9
epk_268b007108a15a9999e88252751f1bd9,ett,Elementary Teachers of Toronto (ETT),evt_a52ef78967f05336bdb5d591fd50f122,2022-10-24,councillor,partial_evidence_only,2026-08-22,25,25,0,0,0,25,0,0,0,con_037ae72c455f558590ca04bc929df4cb|con_0d314382ba1a5d62b399c1eefc717cc1|con_27e80d547d0256149213a7e90956055b|con_2c0ca30fc75e51a3acf50c4693b1cc1b|con_43f8a49a6b095ee8a38c2a1aa0477382|con_52f50431db92559f8d4391fb2e932f16|con_6821258c9f7f598e829c8617b8765c25|con_8d2d5f08a1095a14abbcb526483a3aa0|con_91f80636385c5df5b2d409f9c9b389ed|con_9476d4c41a7d5fa48b97b47e28f9305d|con_98fc649f10ee5100a44520c1500dfac9|con_9e0a04dcf1245155b6f1fd50c6a83e99|con_a1f3f1e6009c53c7a9cbb88e7e2346c0|con_a548943febc15683bb34e547001ee6e7|con_ac0a746327ea57b39ba13add8456bbd3|con_af1f1cbea2a15cf4899bdd37d9fc80f7|con_b7158aa7285c513f8255b4f87166c723|con_bab4f35c5b9a51da935131d5c790bddf|con_bcc3da3d377f5fd3bb1d8a0c3ad7160b|con_c44af6fcb9ff527e8974217b3d633af1|con_c637e2ad153c516eb79ab5edb84161f8|con_c686b3ad3bd059d78db8cc44229817a0|con_db6acf978ec15e2c9ac0230649ef0609|con_e3987d425526548a844f6d73b662eac3|con_f8a855ebf8c250bda4eeed75246305b5
epk_94bad9f1ae7a5d578926ccf6f4cd7aa3,ett,Elementary Teachers of Toronto (ETT),evt_a52ef78967f05336bdb5d591fd50f122,2022-10-24,mayor,partial_evidence_only,2026-08-22,1,1,0,0,0,1,0,0,0,con_778d3d5e612151bcb14703a9f987556d
epk_7e910a525b3b5da887837436aa67e476,ett,Elementary Teachers of Toronto (ETT),evt_eabc9f0a14165449acd2f9a1e7d557ce,2023-06-26,mayor,validated_package_found,2026-08-21,1,1,1,0,1,0,0,0,0,con_e0aab60f6a3e50d59f1f09a1742a2ddd
epk_4576b29314be5cbabfb90c98c8e8169c,ett,Elementary Teachers of Toronto (ETT),evt_ee5715a80b5a532c8b778d94f6b7c9b8,2023-11-30,councillor,partial_evidence_only,2026-08-22,1,1,0,0,0,1,0,0,0,con_eccf9644aa2c598fa731d009a96fcf64
epk_d5262c786345564c97f71e6a92f2286d,ett,Elementary Teachers of Toronto (ETT),evt_af73d490abf95ffdae38ca2c830e51f4,2024-11-04,councillor,partial_evidence_only,2026-08-22,1,1,0,0,0,1,0,0,0,con_ca1753a2e9eb53b396a948ee50167f03
epk_dbe8775a4d8059a2a30f11002435cce3,ett,Elementary Teachers of Toronto (ETT),evt_ca435dada07f5ed9b041b7c3d24de732,2025-09-29,councillor,partial_evidence_only,2026-08-22,1,1,0,0,0,1,0,0,0,con_c8883aeeac29529eada91aebc451242b
epk_82193e3f8a8951d7ae03b88f1b7315ae,ett,Elementary Teachers of Toronto (ETT),evt_27c3a2e636a457f1b1f922774525b74a,2026-10-26,councillor,partial_evidence_only,2026-08-21,25,25,0,0,0,25,0,0,0,con_0408bfe48f1059ecbe918aec119f10a3|con_0d00ed8759a1559c82329352d94a7812|con_14cf7e0c0e4c578d9a2a0777404c36b1|con_25e09708c7c756b38cca57f2cf9f3b1e|con_25f46be8b0a857faa602e39531d4ed0c|con_29e8a0598b6d5fe18984bfe68b9d27f7|con_2bf1297cee4b5750992138d9da3c0dc0|con_34196d04855f52249d03362a5469c3c0|con_35fc512b3ae2545fa6ff408778ae144d|con_368b196a6cf154a88c9f1275824dc99e|con_419d313f6cfc5451ba26ad4687222e83|con_4b6815e8c2e155d881aba7f21ad5b69b|con_5212e699e2ab537eaf63c23b0952d1a1|con_5394ec9f2261502eb1947c064bfdaf8a|con_5ae0589c69375400b18fd5960241eeac|con_67daf6d284a75ecc8b775a05a871a58e|con_6ba310e4ba695121835a4fde58144a47|con_6efbf1ffbfee5e2cb5f5fab52dd98a91|con_719e754cd3eb5a8abbc6e78d6413ff60|con_8322c67bf27e5374a4da8de81ef663fc|con_bd42720679895e8eb848ffc148979026|con_cb4eea0a3dc657cc990d4fa53b4ae76f|con_ced450846b2e53ec8391a1a85ae3e75f|con_dbcfe2c3a43b5de292d63146a94cd52b|con_f5117910f9d358e48dec8f0fd7c77712
epk_c455e9545776576a8b09bc33d91269f1,ett,Elementary Teachers of Toronto (ETT),evt_27c3a2e636a457f1b1f922774525b74a,2026-10-26,mayor,partial_evidence_only,2026-08-21,1,1,0,0,0,1,0,0,0,con_f97200e8b8345e4b844e990437f0b077
epk_33162a796a9553a98fcd9f81dbfdc2fb,john_tory,John Tory,evt_552c4874312956ae84afbbc5ee91b0f7,2016-07-25,councillor,not_yet_searched,,1,1,0,0,0,0,0,0,1,con_e3ed783f131d579d8718d34c15675901
epk_dd97d1914e8751a9ad1ca70ee7111354,john_tory,John Tory,evt_b8284a5341635f79babdf7ddc512c2f6,2017-02-13,councillor,not_yet_searched,,1,1,0,0,0,0,0,0,1,con_bb2bdc05e1365857b524a0a6596b48d5
epk_c1e98867b13951c99ea33286bdf49958,john_tory,John Tory,evt_e4fe1909276b5fbd91057022b350fff3,2018-10-22,councillor,partial_evidence_only,,25,25,3,0,0,0,0,0,25,con_147dca9e3758595d8766dc52d11a65f4|con_16fad19349255393a28639cd62e83ae3|con_1b8d99f619f758efb737805a20bcf6fb|con_2865d31031005dd897904c3f07e4d039|con_3a43982e2a0450b2a3f4c5241f6965d8|con_3fc9df4b254c5eb6a2a7fb629a124bfb|con_45eb3e143f1b5492b4652498c957ed6b|con_4def6d4e85f85950babb9030e4eae0cb|con_55f5230db0d85c499ce7cea0ce379f5f|con_612115bf42b450d3aeb63bb430d3aec9|con_6a1f4d7470675d869b3b11aede0812f2|con_6fd864aec40c5bbc9f3eb32d2e9e4379|con_7a4043e26d4256e78ee3861fb81e718a|con_7e6cf2fd75ba560a900bb024e72fe99c|con_810611751acb5e86ab30b3277e7e6dad|con_849867f583195ad38c77941612883bd9|con_8b4a03ef5a3c55c4ab20662c886b31a7|con_922d425132ad5243b459c0ca40a6dcd9|con_990816d2030b592787bdf4a19382627f|con_ac347f98e5715159b3adecf8debcbde8|con_c555f2e9b45051a8b960bdbb0ac6080a|con_c85783d7c9a4550bae21b8e14f2ff992|con_caa23fae586656b2bab11ee711073a2c|con_eeda9883ca2d57148405d41f7f5a80a4|con_f961284da53f5a38ba3a20e7e998ef4f
epk_249391f3ee2954af94f9b09f8092dbe7,john_tory,John Tory,evt_e4fe1909276b5fbd91057022b350fff3,2018-10-22,mayor,not_yet_searched,,1,1,0,0,0,0,0,0,1,con_b93d69f083ed511ab264f38cc1d8b94c
epk_39bd492f47e459cc96af503398879c17,john_tory,John Tory,evt_50c15fe55fa753fba75abfada8da3c38,2021-01-15,councillor,not_yet_searched,,1,1,0,0,0,0,0,0,1,con_53468b4ee3c7510aba4d708f584951a9
epk_3e1a83fee0425359b6dc8c66059090ac,john_tory,John Tory,evt_a52ef78967f05336bdb5d591fd50f122,2022-10-24,councillor,validated_package_found,2026-08-21,25,25,11,1,25,0,0,0,0,con_037ae72c455f558590ca04bc929df4cb|con_0d314382ba1a5d62b399c1eefc717cc1|con_27e80d547d0256149213a7e90956055b|con_2c0ca30fc75e51a3acf50c4693b1cc1b|con_43f8a49a6b095ee8a38c2a1aa0477382|con_52f50431db92559f8d4391fb2e932f16|con_6821258c9f7f598e829c8617b8765c25|con_8d2d5f08a1095a14abbcb526483a3aa0|con_91f80636385c5df5b2d409f9c9b389ed|con_9476d4c41a7d5fa48b97b47e28f9305d|con_98fc649f10ee5100a44520c1500dfac9|con_9e0a04dcf1245155b6f1fd50c6a83e99|con_a1f3f1e6009c53c7a9cbb88e7e2346c0|con_a548943febc15683bb34e547001ee6e7|con_ac0a746327ea57b39ba13add8456bbd3|con_af1f1cbea2a15cf4899bdd37d9fc80f7|con_b7158aa7285c513f8255b4f87166c723|con_bab4f35c5b9a51da935131d5c790bddf|con_bcc3da3d377f5fd3bb1d8a0c3ad7160b|con_c44af6fcb9ff527e8974217b3d633af1|con_c637e2ad153c516eb79ab5edb84161f8|con_c686b3ad3bd059d78db8cc44229817a0|con_db6acf978ec15e2c9ac0230649ef0609|con_e3987d425526548a844f6d73b662eac3|con_f8a855ebf8c250bda4eeed75246305b5
epk_c85fa74dd2ca59e68be4b97cd6d47158,john_tory,John Tory,evt_a52ef78967f05336bdb5d591fd50f122,2022-10-24,mayor,not_yet_searched,,1,1,0,0,0,0,0,0,1,con_778d3d5e612151bcb14703a9f987556d
epk_4c06d82130165f2ea0fb32d7f4f89e6a,john_tory,John Tory,evt_eabc9f0a14165449acd2f9a1e7d557ce,2023-06-26,mayor,partial_evidence_only,,1,1,1,0,0,0,0,0,1,con_e0aab60f6a3e50d59f1f09a1742a2ddd
epk_2cfe3680c175555cb0df9995eff5a935,john_tory,John Tory,evt_ee5715a80b5a532c8b778d94f6b7c9b8,2023-11-30,councillor,not_yet_searched,,1,1,0,0,0,0,0,0,1,con_eccf9644aa2c598fa731d009a96fcf64
epk_4a64278440295fadb5bdbe8ed6d2b3ac,john_tory,John Tory,evt_af73d490abf95ffdae38ca2c830e51f4,2024-11-04,councillor,not_yet_searched,,1,1,0,0,0,0,0,0,1,con_ca1753a2e9eb53b396a948ee50167f03
epk_b3052975844d59b88533a496056522c6,john_tory,John Tory,evt_ca435dada07f5ed9b041b7c3d24de732,2025-09-29,councillor,not_yet_searched,,1,1,0,0,0,0,0,0,1,con_c8883aeeac29529eada91aebc451242b
epk_bd9a578622bc56c98bfb29d1e40328fe,john_tory,John Tory,evt_27c3a2e636a457f1b1f922774525b74a,2026-10-26,councillor,partial_evidence_only,2026-08-21,25,25,0,0,0,25,0,0,0,con_0408bfe48f1059ecbe918aec119f10a3|con_0d00ed8759a1559c82329352d94a7812|con_14cf7e0c0e4c578d9a2a0777404c36b1|con_25e09708c7c756b38cca57f2cf9f3b1e|con_25f46be8b0a857faa602e39531d4ed0c|con_29e8a0598b6d5fe18984bfe68b9d27f7|con_2bf1297cee4b5750992138d9da3c0dc0|con_34196d04855f52249d03362a5469c3c0|con_35fc512b3ae2545fa6ff408778ae144d|con_368b196a6cf154a88c9f1275824dc99e|con_419d313f6cfc5451ba26ad4687222e83|con_4b6815e8c2e155d881aba7f21ad5b69b|con_5212e699e2ab537eaf63c23b0952d1a1|con_5394ec9f2261502eb1947c064bfdaf8a|con_5ae0589c69375400b18fd5960241eeac|con_67daf6d284a75ecc8b775a05a871a58e|con_6ba310e4ba695121835a4fde58144a47|con_6efbf1ffbfee5e2cb5f5fab52dd98a91|con_719e754cd3eb5a8abbc6e78d6413ff60|con_8322c67bf27e5374a4da8de81ef663fc|con_bd42720679895e8eb848ffc148979026|con_cb4eea0a3dc657cc990d4fa53b4ae76f|con_ced450846b2e53ec8391a1a85ae3e75f|con_dbcfe2c3a43b5de292d63146a94cd52b|con_f5117910f9d358e48dec8f0fd7c77712
epk_44457aa22b7f53efa77d5c99ee7bbf09,john_tory,John Tory,evt_27c3a2e636a457f1b1f922774525b74a,2026-10-26,mayor,partial_evidence_only,2026-08-21,1,1,0,0,0,1,0,0,0,con_f97200e8b8345e4b844e990437f0b077
epk_618a547115e2588cbb96e8148a718d65,olivia_chow,Olivia Chow,evt_ee5715a80b5a532c8b778d94f6b7c9b8,2023-11-30,councillor,not_yet_searched,,1,1,0,0,0,0,0,0,1,con_eccf9644aa2c598fa731d009a96fcf64
epk_63a6c76b27775a58a8f48e8b179f139e,olivia_chow,Olivia Chow,evt_af73d490abf95ffdae38ca2c830e51f4,2024-11-04,councillor,not_yet_searched,,1,1,0,0,0,0,0,0,1,con_ca1753a2e9eb53b396a948ee50167f03
epk_ea6e4769cb6a5e6d866e0f948d3a23ae,olivia_chow,Olivia Chow,evt_ca435dada07f5ed9b041b7c3d24de732,2025-09-29,councillor,not_yet_searched,,1,1,0,0,0,0,0,0,1,con_c8883aeeac29529eada91aebc451242b
epk_4a9b4fc0143b5550afa108c61fa9295d,olivia_chow,Olivia Chow,evt_27c3a2e636a457f1b1f922774525b74a,2026-10-26,councillor,partial_evidence_only,2026-08-21,25,25,0,0,0,25,0,0,0,con_0408bfe48f1059ecbe918aec119f10a3|con_0d00ed8759a1559c82329352d94a7812|con_14cf7e0c0e4c578d9a2a0777404c36b1|con_25e09708c7c756b38cca57f2cf9f3b1e|con_25f46be8b0a857faa602e39531d4ed0c|con_29e8a0598b6d5fe18984bfe68b9d27f7|con_2bf1297cee4b5750992138d9da3c0dc0|con_34196d04855f52249d03362a5469c3c0|con_35fc512b3ae2545fa6ff408778ae144d|con_368b196a6cf154a88c9f1275824dc99e|con_419d313f6cfc5451ba26ad4687222e83|con_4b6815e8c2e155d881aba7f21ad5b69b|con_5212e699e2ab537eaf63c23b0952d1a1|con_5394ec9f2261502eb1947c064bfdaf8a|con_5ae0589c69375400b18fd5960241eeac|con_67daf6d284a75ecc8b775a05a871a58e|con_6ba310e4ba695121835a4fde58144a47|con_6efbf1ffbfee5e2cb5f5fab52dd98a91|con_719e754cd3eb5a8abbc6e78d6413ff60|con_8322c67bf27e5374a4da8de81ef663fc|con_bd42720679895e8eb848ffc148979026|con_cb4eea0a3dc657cc990d4fa53b4ae76f|con_ced450846b2e53ec8391a1a85ae3e75f|con_dbcfe2c3a43b5de292d63146a94cd52b|con_f5117910f9d358e48dec8f0fd7c77712
epk_e4d669b3b1be5078b4932efb1e962627,olivia_chow,Olivia Chow,evt_27c3a2e636a457f1b1f922774525b74a,2026-10-26,mayor,partial_evidence_only,2026-08-21,1,1,0,0,0,1,0,0,0,con_f97200e8b8345e4b844e990437f0b077
epk_7746a289126051959a58b54d332136f5,progress_toronto,Progress Toronto,evt_e4fe1909276b5fbd91057022b350fff3,2018-10-22,councillor,partial_evidence_only,2026-08-22,25,25,1,0,1,24,0,0,0,con_147dca9e3758595d8766dc52d11a65f4|con_16fad19349255393a28639cd62e83ae3|con_1b8d99f619f758efb737805a20bcf6fb|con_2865d31031005dd897904c3f07e4d039|con_3a43982e2a0450b2a3f4c5241f6965d8|con_3fc9df4b254c5eb6a2a7fb629a124bfb|con_45eb3e143f1b5492b4652498c957ed6b|con_4def6d4e85f85950babb9030e4eae0cb|con_55f5230db0d85c499ce7cea0ce379f5f|con_612115bf42b450d3aeb63bb430d3aec9|con_6a1f4d7470675d869b3b11aede0812f2|con_6fd864aec40c5bbc9f3eb32d2e9e4379|con_7a4043e26d4256e78ee3861fb81e718a|con_7e6cf2fd75ba560a900bb024e72fe99c|con_810611751acb5e86ab30b3277e7e6dad|con_849867f583195ad38c77941612883bd9|con_8b4a03ef5a3c55c4ab20662c886b31a7|con_922d425132ad5243b459c0ca40a6dcd9|con_990816d2030b592787bdf4a19382627f|con_ac347f98e5715159b3adecf8debcbde8|con_c555f2e9b45051a8b960bdbb0ac6080a|con_c85783d7c9a4550bae21b8e14f2ff992|con_caa23fae586656b2bab11ee711073a2c|con_eeda9883ca2d57148405d41f7f5a80a4|con_f961284da53f5a38ba3a20e7e998ef4f
epk_c7eccc99e8e55c8db5fdd345aa377b5e,progress_toronto,Progress Toronto,evt_e4fe1909276b5fbd91057022b350fff3,2018-10-22,mayor,partial_evidence_only,2026-08-22,1,1,0,0,0,1,0,0,0,con_b93d69f083ed511ab264f38cc1d8b94c
epk_ce0c28f77a80537f911cbef5515d065a,progress_toronto,Progress Toronto,evt_50c15fe55fa753fba75abfada8da3c38,2021-01-15,councillor,validated_package_found,2026-08-22,1,1,1,0,1,0,0,0,0,con_53468b4ee3c7510aba4d708f584951a9
epk_971ca92b00bd5b699e3c97597b7b2f00,progress_toronto,Progress Toronto,evt_a52ef78967f05336bdb5d591fd50f122,2022-10-24,councillor,validated_package_found,2026-08-21,25,25,9,0,25,0,0,0,0,con_037ae72c455f558590ca04bc929df4cb|con_0d314382ba1a5d62b399c1eefc717cc1|con_27e80d547d0256149213a7e90956055b|con_2c0ca30fc75e51a3acf50c4693b1cc1b|con_43f8a49a6b095ee8a38c2a1aa0477382|con_52f50431db92559f8d4391fb2e932f16|con_6821258c9f7f598e829c8617b8765c25|con_8d2d5f08a1095a14abbcb526483a3aa0|con_91f80636385c5df5b2d409f9c9b389ed|con_9476d4c41a7d5fa48b97b47e28f9305d|con_98fc649f10ee5100a44520c1500dfac9|con_9e0a04dcf1245155b6f1fd50c6a83e99|con_a1f3f1e6009c53c7a9cbb88e7e2346c0|con_a548943febc15683bb34e547001ee6e7|con_ac0a746327ea57b39ba13add8456bbd3|con_af1f1cbea2a15cf4899bdd37d9fc80f7|con_b7158aa7285c513f8255b4f87166c723|con_bab4f35c5b9a51da935131d5c790bddf|con_bcc3da3d377f5fd3bb1d8a0c3ad7160b|con_c44af6fcb9ff527e8974217b3d633af1|con_c637e2ad153c516eb79ab5edb84161f8|con_c686b3ad3bd059d78db8cc44229817a0|con_db6acf978ec15e2c9ac0230649ef0609|con_e3987d425526548a844f6d73b662eac3|con_f8a855ebf8c250bda4eeed75246305b5
epk_b12147ffc4a254018ac4c13171f425e9,progress_toronto,Progress Toronto,evt_a52ef78967f05336bdb5d591fd50f122,2022-10-24,mayor,not_yet_searched,,1,1,0,0,0,0,0,0,1,con_778d3d5e612151bcb14703a9f987556d
epk_c02dca8b5c425fab82942683b07697dd,progress_toronto,Progress Toronto,evt_eabc9f0a14165449acd2f9a1e7d557ce,2023-06-26,mayor,validated_package_found,2026-08-21,1,1,1,0,1,0,0,0,0,con_e0aab60f6a3e50d59f1f09a1742a2ddd
epk_ac33274fe8cd5d06a85ac087a9764e75,progress_toronto,Progress Toronto,evt_ee5715a80b5a532c8b778d94f6b7c9b8,2023-11-30,councillor,partial_evidence_only,2026-08-22,1,1,0,0,0,1,0,0,0,con_eccf9644aa2c598fa731d009a96fcf64
epk_0e2f578f6a865f2fa43f8794ef286935,progress_toronto,Progress Toronto,evt_af73d490abf95ffdae38ca2c830e51f4,2024-11-04,councillor,not_yet_searched,,1,1,0,0,0,0,0,0,1,con_ca1753a2e9eb53b396a948ee50167f03
epk_c92db04452025f32826b021f5548233e,progress_toronto,Progress Toronto,evt_ca435dada07f5ed9b041b7c3d24de732,2025-09-29,councillor,validated_package_found,2026-08-21,1,1,1,0,1,0,0,0,0,con_c8883aeeac29529eada91aebc451242b
epk_423d1288494853f6bed941cb0e73bc6c,progress_toronto,Progress Toronto,evt_27c3a2e636a457f1b1f922774525b74a,2026-10-26,councillor,partial_evidence_only,2026-08-21,25,25,0,0,0,25,0,0,0,con_0408bfe48f1059ecbe918aec119f10a3|con_0d00ed8759a1559c82329352d94a7812|con_14cf7e0c0e4c578d9a2a0777404c36b1|con_25e09708c7c756b38cca57f2cf9f3b1e|con_25f46be8b0a857faa602e39531d4ed0c|con_29e8a0598b6d5fe18984bfe68b9d27f7|con_2bf1297cee4b5750992138d9da3c0dc0|con_34196d04855f52249d03362a5469c3c0|con_35fc512b3ae2545fa6ff408778ae144d|con_368b196a6cf154a88c9f1275824dc99e|con_419d313f6cfc5451ba26ad4687222e83|con_4b6815e8c2e155d881aba7f21ad5b69b|con_5212e699e2ab537eaf63c23b0952d1a1|con_5394ec9f2261502eb1947c064bfdaf8a|con_5ae0589c69375400b18fd5960241eeac|con_67daf6d284a75ecc8b775a05a871a58e|con_6ba310e4ba695121835a4fde58144a47|con_6efbf1ffbfee5e2cb5f5fab52dd98a91|con_719e754cd3eb5a8abbc6e78d6413ff60|con_8322c67bf27e5374a4da8de81ef663fc|con_bd42720679895e8eb848ffc148979026|con_cb4eea0a3dc657cc990d4fa53b4ae76f|con_ced450846b2e53ec8391a1a85ae3e75f|con_dbcfe2c3a43b5de292d63146a94cd52b|con_f5117910f9d358e48dec8f0fd7c77712
epk_094692447a505211bab838c409a7beca,progress_toronto,Progress Toronto,evt_27c3a2e636a457f1b1f922774525b74a,2026-10-26,mayor,partial_evidence_only,2026-08-21,1,1,0,0,0,1,0,0,0,con_f97200e8b8345e4b844e990437f0b077
epk_aa7f0bc64c2c5c0e82f8db6d0d1d87be,toronto_star_editorial_board,Toronto Star Editorial Board,evt_d89f777f34365c37b114ca39fb376591,2003-11-10,councillor,validated_package_found,2026-08-28,44,44,40,0,44,0,0,0,0,con_02e530a81bf75a6bbf6b4ca0a9ea6738|con_04a4bbe5ef575c72b4ec49d601f24b71|con_18fc5604e3b45ef08d8af9b0813a1918|con_2317176dbf5e5a4fab7fd65b16359ebd|con_28b9bf4109765f57a3a7923479b37af9|con_2befcc6536315440902962b270ad7f70|con_3a262cc7bf83579eae79ce2032ea06d1|con_3c1699cb4b0257ae8cf61da26db0c160|con_46f4af62ff4956f5b31ebec2e77229fa|con_47f9c6bba0165404a3fec5492a0940b3|con_4b3374ab9039564fa8ed1cedf493a0e3|con_5f814673ab4050e5b50e46685dbfbecb|con_6131490bb0d75b1ba4033e2284df71f8|con_61eed2bcd6ce5343bea274fe8a8028bc|con_6beb6fc4da14503aa70fa94b8fe0b600|con_6d24ced99da9539aaaad476a9a2747f4|con_6d7f00a8037754c0a6f34579bee44966|con_727f839c8adc5531bd874edb6b663c05|con_744dd2f798b8521e8de9693750f474d2|con_7b92b7a12bbf5240a728cbe9d42aa420|con_7eba7d2b2ccb57e5aa6ab13c307b2517|con_802f842541d15d899e8f6acf3b86ae45|con_845cf9eb2c1b5ed6b35801d45f86cd82|con_88f5ccc6b744588da3d07590c5dca974|con_90b9ffb191415b13a8c7f334ef771513|con_95ddf0ee07b85a9da9038f871eeefaba|con_99b9fbf5df5f504eb0906d1c2b113d63|con_9d346093453659cba5591e6e2efd506a|con_a060705663a15882b307108144aa8720|con_ab103b8f3a915dd0b0131abea73fad5c|con_abe0e1350e7856ad9a70ffdc75dd84f2|con_ae44722023c153d7a460278c9b621435|con_b5ffb866cf475caca42769d641deb4a7|con_b9bda7a65c8a5e03a69746d0072f95c1|con_be3ee1a1a31f533885cbb71a268beda9|con_bf4b3cd94fcd50ba8d2259a6df440a17|con_c49857c2f0a6591fa165be262c38930c|con_d100fd7c171150b8b18125987b174c3d|con_d18675753b8f580c8834170f374d1e7c|con_d3ecc496be285eebb80559abe5d5f9f1|con_d69bc70f79a45bf397b2a657aa858e50|con_d9eeb6c962c854b58be1e179e2168cb1|con_ec88bd40dff858e695ae9533199be499|con_f3e797bac18a5e45a723ff263eafb93e
epk_bc61ac9480cb58afb448cddeb8bb7c36,toronto_star_editorial_board,Toronto Star Editorial Board,evt_d89f777f34365c37b114ca39fb376591,2003-11-10,mayor,validated_package_found,2026-08-21,1,1,1,0,1,0,0,0,0,con_945161409a0450f29e351ff3f263f815
epk_9ee8e504740b52a78ccc00a4a56a5fd4,toronto_star_editorial_board,Toronto Star Editorial Board,evt_159f073fa6f15c23a840651723d3c3af,2006-11-13,councillor,validated_package_found,2026-08-28,44,44,41,0,44,0,0,0,0,con_09d3330e921d5e53ae19007709e75bf9|con_0b8c9e853efa5e3da86b0f1eff65589e|con_107ad5f6c01f5d4389c8194358534375|con_17c2e1a7404c5641823443ca7a6dcc10|con_1969b3b6667f56549d1f35b90f606cbf|con_1c0aff783cfb5ac995b40930229ffd15|con_1fa443b3390f5d6691f7994877cf55c8|con_2070d155d42250abac2e50baf8c6bf39|con_218bbbaab66c59bc8d0d747f3ae2fb3c|con_2c70fd784be55c4794f8294a723dedb9|con_2c97298461635376899e36569d2c7be3|con_2f8a0c46b37950fd9149d9b62f1f0142|con_31d375f206cb5fe1955efa73ae9da43e|con_387d212e18c453e2a8eb298de5c374ff|con_393178f4fb765cd0bbeaa13d06dca32c|con_398774c449785307baa3822c581963e9|con_3ae0da024263524d8e13691dbeeadc88|con_46f7b754b02b57d0a651c417f9f0471d|con_4a5af0945c9a5a01ae50e3a5ea61b3fb|con_4ead7aa21a905ad7bd1838cb33f37045|con_59aa1ee85e2d51ca8dee4338d37665c2|con_610d1afaa15d592eb956835f8fd51600|con_76db9d7d1989548fadeac8b8116dc357|con_77f42d0ca0a15c57a01b5579fef4625a|con_83ded5c17ed75ca788f320a13b17dd08|con_86779f733e9f58e78227d4c49c260033|con_86a1f5b3235452b4a3cb3b3297e4dd51|con_88a17b76344c50ba9a3a118dd558c185|con_899c01be1cc951dfb79010a2fbd8ad10|con_9473b9c31bb55e62ac4432451881acf1|con_95ce62f8d45154c7836ec0372d2a416e|con_b1ec123602ab559c939e1aa02badcd71|con_b4c70c0c6f465c4091dce97cbbd286b3|con_c59d97019dab554698aea8cb6eeb469a|con_c760f9c404835bb595e5671cf893c340|con_c90c50ce5e7c59dbaf6f3fb8efe575fd|con_d0cb7c26d6e55def83cde1da2c9bc8c5|con_d42434b7f93353e6b9eeb64711b54648|con_d4f2ce7b93c75f4ca9c7bc73a4ba2a30|con_e7325536f8e85cffa249480df8a556a2|con_e93ddb13c85852b58b88208c71191394|con_ebbe0512549c59bc8a7a31e7ec5a59e9|con_f0bbc885a5535e28bc005ca644cc4e22|con_f449befd52f1538191ef612c9e711c45
epk_017d0b79cd89538bb2a1e5086e50fe29,toronto_star_editorial_board,Toronto Star Editorial Board,evt_159f073fa6f15c23a840651723d3c3af,2006-11-13,mayor,validated_package_found,2026-08-28,1,1,1,0,1,0,0,0,0,con_5d8609e7e7f4584ea28ad032690bdae8
epk_612d18a54cdc5b0da8e282b3368d3d64,toronto_star_editorial_board,Toronto Star Editorial Board,evt_5a786c1da7ec5e758036205f04351fc5,2010-10-25,councillor,validated_package_found,2026-08-21,44,44,43,0,44,0,0,0,0,con_0a880ce7b6ad5bdaa2e2dc7b19601aa8|con_11ea4a9756fd5bc4a466dc797994b068|con_17593cee737354878c920526a9fa7afd|con_1a46b115b13d55619bcaf30903c183e3|con_1cf871058a8c5bc9a34c7dbdf6edca83|con_20589f7261325cd892231ed42321b3cf|con_272ca0eaeab656b89a5038bc74ad9988|con_2ce79e4f63945b9b90a05c245e9382fc|con_33da03ca4a1159089c55d78f4edd2bf3|con_3fd9226a06995ec78201f807f175b930|con_43b57e74c0a454db9f5ed346b6fc7095|con_4977aa6e0a865d788ed7ebf871e4027c|con_5587a8b9ae37546eb39a67333b5011ed|con_579cae8a3fa455a7a3e68d1b1900fffa|con_5c4da484552c546aaff98277d675d594|con_6240f694b6ce5307a2126a9103153475|con_662d709bee42574392549fc786efea0d|con_680464772a025da6aa5eaf650cefb52a|con_7bbdc7e302705fee987b1ebca87ef16d|con_8283f00fca6855af9a0a63e550482bda|con_834d568760e15dcdb0b423512c33fe9c|con_8a8efa738bef57fc9329489f768529c9|con_8c969ca3bbbb537382be9d4ed8dd7697|con_a160a05c9e3e5dd7b972cd5c16d456b0|con_a46853faf8a85598b55614ee5bfc99e2|con_a62a387b9ca8511db50248d4738f3eea|con_b6bdff47e14a590897fb7531e91999d1|con_bdb4bceb8d3d535e9d9284d19bf99bb0|con_be2d96cb623553cdbd79b303f9576bda|con_bf589c2ec43c513aa964b64309534ac6|con_c713b29e028a582893ad021c4a2b8546|con_cceb1911b8545151a85313ea9045fdd6|con_d6f7b1cb92f959ab9408dbb936bcf2ff|con_da88824c2975511d9432812d4988c9d5|con_e14c9528646b58ba89bddde54ae0f23e|con_e358c35644bd5b94b662f1e211fbc70e|con_e689393a84cc500bab2476e3913f093d|con_e78d7e5eb6975c7b98ef0efd13e5c783|con_e8d5ffca829d5a06ad87216dc76d6e6a|con_ebcb4d472e005fbbadabf9f6201cbe13|con_ed22821703705704bff31b43ed036014|con_edd7a5395e9a586bb5289cb5ed1106b3|con_f0cf1eca40845631b0bd4d4750413711|con_fc66f2cac25c5ea58dccc4005672bad8
epk_1a463d0a849c53489442663c42ced887,toronto_star_editorial_board,Toronto Star Editorial Board,evt_5a786c1da7ec5e758036205f04351fc5,2010-10-25,mayor,validated_package_found,2026-08-21,1,1,1,0,1,0,0,0,0,con_099fbf24dd655a0e8b1720fbe2215a6a
epk_caa3df8dce9b5ac1af0471e32dc3f347,toronto_star_editorial_board,Toronto Star Editorial Board,evt_54673fd104ab5ef08eb865e162ac040c,2014-10-27,councillor,validated_package_found,2026-08-28,44,44,44,0,44,0,0,0,0,con_004711e5bbda5d169a7774d906befd21|con_0dc4d6b99efa5f32a8f36b24d080bb2d|con_13660de4bc485cc68e0744199d21cb46|con_17f69fde16cb514bb16fb6e361c07fff|con_1e16e8a3edc55c77847b36d881fb8fe7|con_222bdce34cf75bbeb159589e8f46045b|con_2cf721e86d7a55de8cf53a0ae3f6413c|con_2d92299c561559d99eccb92c22f4eb47|con_2f43675e2c5c59b796fafde036252ed1|con_350f0c58a79a574d926206857445b2d9|con_4e3ebb6b13cb5d2396519f9df6fbdf4b|con_4e432b136b83537fb08e7e8485f4949c|con_5161ebd9ab2b5c55bfcd6eef433082c9|con_54d4d8b5d91f5df5ba8bfdf9c61296af|con_59bfad1b37305c63a378a4614deb11ae|con_5babda81dd6351a28a423340a03b5d8a|con_5c8144ae39615a3189a3691c99c5ea4e|con_5cb64f68c501559d960b05fb29843745|con_622c2ee026875ae4ac60200b1559e8f6|con_636fab9611ed540ebff54ad772a1827d|con_639f022801275cedb8f9b4fe82711ae3|con_643801dc921651c3a1ef5d96772fb13d|con_6629fd920f2b5a8d9b7959fafdd04a1a|con_6c708130eaa15c9080cc3cd3a207f63b|con_79a0aa63063d5dd6a5a2ed28c29ecec1|con_7acbde45d7355dbeb5327c8eff9039ed|con_7d07021e53b35a609a75560232a15fd1|con_7ee43d0beaab558c9788d151bbd8d067|con_82f64d71deda5204bf8ba5ab710c21e6|con_a3ad5138021a51309ade19f0cbc4ebe1|con_b123ac953da1590ebb8bca29f5eb3bdc|con_b592d84a34965294a78c84c50bab4ddb|con_c4de914fc9f15a3cab65125ee118d9c8|con_c57f0385335559e696305e7d4e632b40|con_c8a9dfe07ee5545eb20e21d12773c57e|con_d5af05a065045bf9adaf30847252c957|con_d61412ebefff5d2b8bc9183244150abf|con_d8e03f953ae157089237a1febc263587|con_e230d66a67245cd08a806de4208d288b|con_e2f423965407516280c8b3af41b9f5cf|con_e3f1226fd27e5ec6bf5d96a8439cc26a|con_e8f16f1721ce5517977fa5bc1f660248|con_f59fe6995c8b528dbd3cbfbb5c3277c8|con_fed30965855757d399c6acfbd6e6d4f4
epk_534ea626706b5b81b5eb8821e97a738a,toronto_star_editorial_board,Toronto Star Editorial Board,evt_54673fd104ab5ef08eb865e162ac040c,2014-10-27,mayor,partial_evidence_only,2026-08-22,1,1,0,0,0,1,0,0,0,con_9250eb2b2609550597520e68352ac56a
epk_3d4b3dfdb4f3509b88c0341a19c7d274,toronto_star_editorial_board,Toronto Star Editorial Board,evt_552c4874312956ae84afbbc5ee91b0f7,2016-07-25,councillor,partial_evidence_only,2026-08-28,1,1,0,0,0,1,0,0,0,con_e3ed783f131d579d8718d34c15675901
epk_88d6bebe3f2f5e5e8da4afa66f0163e7,toronto_star_editorial_board,Toronto Star Editorial Board,evt_b8284a5341635f79babdf7ddc512c2f6,2017-02-13,councillor,partial_evidence_only,2026-08-28,1,1,0,0,0,1,0,0,0,con_bb2bdc05e1365857b524a0a6596b48d5
epk_6f90a3dbd2a355d7a039a57a2bb923cc,toronto_star_editorial_board,Toronto Star Editorial Board,evt_e4fe1909276b5fbd91057022b350fff3,2018-10-22,councillor,validated_package_found,2026-08-28,25,25,25,0,25,0,0,0,0,con_147dca9e3758595d8766dc52d11a65f4|con_16fad19349255393a28639cd62e83ae3|con_1b8d99f619f758efb737805a20bcf6fb|con_2865d31031005dd897904c3f07e4d039|con_3a43982e2a0450b2a3f4c5241f6965d8|con_3fc9df4b254c5eb6a2a7fb629a124bfb|con_45eb3e143f1b5492b4652498c957ed6b|con_4def6d4e85f85950babb9030e4eae0cb|con_55f5230db0d85c499ce7cea0ce379f5f|con_612115bf42b450d3aeb63bb430d3aec9|con_6a1f4d7470675d869b3b11aede0812f2|con_6fd864aec40c5bbc9f3eb32d2e9e4379|con_7a4043e26d4256e78ee3861fb81e718a|con_7e6cf2fd75ba560a900bb024e72fe99c|con_810611751acb5e86ab30b3277e7e6dad|con_849867f583195ad38c77941612883bd9|con_8b4a03ef5a3c55c4ab20662c886b31a7|con_922d425132ad5243b459c0ca40a6dcd9|con_990816d2030b592787bdf4a19382627f|con_ac347f98e5715159b3adecf8debcbde8|con_c555f2e9b45051a8b960bdbb0ac6080a|con_c85783d7c9a4550bae21b8e14f2ff992|con_caa23fae586656b2bab11ee711073a2c|con_eeda9883ca2d57148405d41f7f5a80a4|con_f961284da53f5a38ba3a20e7e998ef4f
epk_f3f82c6c3ed2531eaf8f4ea58a8289dd,toronto_star_editorial_board,Toronto Star Editorial Board,evt_e4fe1909276b5fbd91057022b350fff3,2018-10-22,mayor,validated_package_found,2026-08-21,1,1,1,0,1,0,0,0,0,con_b93d69f083ed511ab264f38cc1d8b94c
epk_16ab39b4a93e59eb8307b864b5ea423e,toronto_star_editorial_board,Toronto Star Editorial Board,evt_50c15fe55fa753fba75abfada8da3c38,2021-01-15,councillor,partial_evidence_only,2026-08-28,1,1,0,0,0,1,0,0,0,con_53468b4ee3c7510aba4d708f584951a9
epk_f1851d4691db548099f26042dc8e564a,toronto_star_editorial_board,Toronto Star Editorial Board,evt_a52ef78967f05336bdb5d591fd50f122,2022-10-24,councillor,validated_package_found,2026-08-23,25,25,22,0,25,0,0,0,0,con_037ae72c455f558590ca04bc929df4cb|con_0d314382ba1a5d62b399c1eefc717cc1|con_27e80d547d0256149213a7e90956055b|con_2c0ca30fc75e51a3acf50c4693b1cc1b|con_43f8a49a6b095ee8a38c2a1aa0477382|con_52f50431db92559f8d4391fb2e932f16|con_6821258c9f7f598e829c8617b8765c25|con_8d2d5f08a1095a14abbcb526483a3aa0|con_91f80636385c5df5b2d409f9c9b389ed|con_9476d4c41a7d5fa48b97b47e28f9305d|con_98fc649f10ee5100a44520c1500dfac9|con_9e0a04dcf1245155b6f1fd50c6a83e99|con_a1f3f1e6009c53c7a9cbb88e7e2346c0|con_a548943febc15683bb34e547001ee6e7|con_ac0a746327ea57b39ba13add8456bbd3|con_af1f1cbea2a15cf4899bdd37d9fc80f7|con_b7158aa7285c513f8255b4f87166c723|con_bab4f35c5b9a51da935131d5c790bddf|con_bcc3da3d377f5fd3bb1d8a0c3ad7160b|con_c44af6fcb9ff527e8974217b3d633af1|con_c637e2ad153c516eb79ab5edb84161f8|con_c686b3ad3bd059d78db8cc44229817a0|con_db6acf978ec15e2c9ac0230649ef0609|con_e3987d425526548a844f6d73b662eac3|con_f8a855ebf8c250bda4eeed75246305b5
epk_4a0cf65e9ea55870943d1604afac2dea,toronto_star_editorial_board,Toronto Star Editorial Board,evt_a52ef78967f05336bdb5d591fd50f122,2022-10-24,mayor,validated_package_found,2026-08-21,1,1,1,0,1,0,0,0,0,con_778d3d5e612151bcb14703a9f987556d
epk_f4b2f1bb12ed5b4e84e9baa3dd2b812d,toronto_star_editorial_board,Toronto Star Editorial Board,evt_eabc9f0a14165449acd2f9a1e7d557ce,2023-06-26,mayor,validated_package_found,2026-08-21,1,1,1,0,1,0,0,0,0,con_e0aab60f6a3e50d59f1f09a1742a2ddd
epk_4de0afa330f05143a9466f6a542713f2,toronto_star_editorial_board,Toronto Star Editorial Board,evt_ee5715a80b5a532c8b778d94f6b7c9b8,2023-11-30,councillor,partial_evidence_only,2026-08-28,1,1,0,0,0,1,0,0,0,con_eccf9644aa2c598fa731d009a96fcf64
epk_ca27e7cf3a2f5932a5feef145bd50b0d,toronto_star_editorial_board,Toronto Star Editorial Board,evt_af73d490abf95ffdae38ca2c830e51f4,2024-11-04,councillor,partial_evidence_only,2026-08-28,1,1,0,0,0,1,0,0,0,con_ca1753a2e9eb53b396a948ee50167f03
epk_42d738b4c3605dbe87a3a5eb8c115251,toronto_star_editorial_board,Toronto Star Editorial Board,evt_ca435dada07f5ed9b041b7c3d24de732,2025-09-29,councillor,partial_evidence_only,2026-08-28,1,1,0,0,0,1,0,0,0,con_c8883aeeac29529eada91aebc451242b
epk_3bcdc36289b15679997749e479e94b65,toronto_star_editorial_board,Toronto Star Editorial Board,evt_27c3a2e636a457f1b1f922774525b74a,2026-10-26,councillor,partial_evidence_only,2026-08-21,25,25,0,0,0,25,0,0,0,con_0408bfe48f1059ecbe918aec119f10a3|con_0d00ed8759a1559c82329352d94a7812|con_14cf7e0c0e4c578d9a2a0777404c36b1|con_25e09708c7c756b38cca57f2cf9f3b1e|con_25f46be8b0a857faa602e39531d4ed0c|con_29e8a0598b6d5fe18984bfe68b9d27f7|con_2bf1297cee4b5750992138d9da3c0dc0|con_34196d04855f52249d03362a5469c3c0|con_35fc512b3ae2545fa6ff408778ae144d|con_368b196a6cf154a88c9f1275824dc99e|con_419d313f6cfc5451ba26ad4687222e83|con_4b6815e8c2e155d881aba7f21ad5b69b|con_5212e699e2ab537eaf63c23b0952d1a1|con_5394ec9f2261502eb1947c064bfdaf8a|con_5ae0589c69375400b18fd5960241eeac|con_67daf6d284a75ecc8b775a05a871a58e|con_6ba310e4ba695121835a4fde58144a47|con_6efbf1ffbfee5e2cb5f5fab52dd98a91|con_719e754cd3eb5a8abbc6e78d6413ff60|con_8322c67bf27e5374a4da8de81ef663fc|con_bd42720679895e8eb848ffc148979026|con_cb4eea0a3dc657cc990d4fa53b4ae76f|con_ced450846b2e53ec8391a1a85ae3e75f|con_dbcfe2c3a43b5de292d63146a94cd52b|con_f5117910f9d358e48dec8f0fd7c77712
epk_86664fb5f7305bf689ed8884302bff98,toronto_star_editorial_board,Toronto Star Editorial Board,evt_27c3a2e636a457f1b1f922774525b74a,2026-10-26,mayor,partial_evidence_only,2026-08-21,1,1,0,0,0,1,0,0,0,con_f97200e8b8345e4b844e990437f0b077
epk_3bc4cf67b227586b9dc81efa83e4e969,toronto_sun_editorial_board,Toronto Sun Editorial Board,evt_d89f777f34365c37b114ca39fb376591,2003-11-10,councillor,partial_evidence_only,2026-08-22,44,44,0,0,0,44,0,0,0,con_02e530a81bf75a6bbf6b4ca0a9ea6738|con_04a4bbe5ef575c72b4ec49d601f24b71|con_18fc5604e3b45ef08d8af9b0813a1918|con_2317176dbf5e5a4fab7fd65b16359ebd|con_28b9bf4109765f57a3a7923479b37af9|con_2befcc6536315440902962b270ad7f70|con_3a262cc7bf83579eae79ce2032ea06d1|con_3c1699cb4b0257ae8cf61da26db0c160|con_46f4af62ff4956f5b31ebec2e77229fa|con_47f9c6bba0165404a3fec5492a0940b3|con_4b3374ab9039564fa8ed1cedf493a0e3|con_5f814673ab4050e5b50e46685dbfbecb|con_6131490bb0d75b1ba4033e2284df71f8|con_61eed2bcd6ce5343bea274fe8a8028bc|con_6beb6fc4da14503aa70fa94b8fe0b600|con_6d24ced99da9539aaaad476a9a2747f4|con_6d7f00a8037754c0a6f34579bee44966|con_727f839c8adc5531bd874edb6b663c05|con_744dd2f798b8521e8de9693750f474d2|con_7b92b7a12bbf5240a728cbe9d42aa420|con_7eba7d2b2ccb57e5aa6ab13c307b2517|con_802f842541d15d899e8f6acf3b86ae45|con_845cf9eb2c1b5ed6b35801d45f86cd82|con_88f5ccc6b744588da3d07590c5dca974|con_90b9ffb191415b13a8c7f334ef771513|con_95ddf0ee07b85a9da9038f871eeefaba|con_99b9fbf5df5f504eb0906d1c2b113d63|con_9d346093453659cba5591e6e2efd506a|con_a060705663a15882b307108144aa8720|con_ab103b8f3a915dd0b0131abea73fad5c|con_abe0e1350e7856ad9a70ffdc75dd84f2|con_ae44722023c153d7a460278c9b621435|con_b5ffb866cf475caca42769d641deb4a7|con_b9bda7a65c8a5e03a69746d0072f95c1|con_be3ee1a1a31f533885cbb71a268beda9|con_bf4b3cd94fcd50ba8d2259a6df440a17|con_c49857c2f0a6591fa165be262c38930c|con_d100fd7c171150b8b18125987b174c3d|con_d18675753b8f580c8834170f374d1e7c|con_d3ecc496be285eebb80559abe5d5f9f1|con_d69bc70f79a45bf397b2a657aa858e50|con_d9eeb6c962c854b58be1e179e2168cb1|con_ec88bd40dff858e695ae9533199be499|con_f3e797bac18a5e45a723ff263eafb93e
epk_d3559b3cc7cc5f00bbd9bb863a136b4f,toronto_sun_editorial_board,Toronto Sun Editorial Board,evt_d89f777f34365c37b114ca39fb376591,2003-11-10,mayor,partial_evidence_only,2026-08-22,1,1,0,0,0,1,0,0,0,con_945161409a0450f29e351ff3f263f815
epk_4791de077c9d500d97b7718909afcf91,toronto_sun_editorial_board,Toronto Sun Editorial Board,evt_159f073fa6f15c23a840651723d3c3af,2006-11-13,councillor,partial_evidence_only,2026-08-22,44,44,0,0,0,44,0,0,0,con_09d3330e921d5e53ae19007709e75bf9|con_0b8c9e853efa5e3da86b0f1eff65589e|con_107ad5f6c01f5d4389c8194358534375|con_17c2e1a7404c5641823443ca7a6dcc10|con_1969b3b6667f56549d1f35b90f606cbf|con_1c0aff783cfb5ac995b40930229ffd15|con_1fa443b3390f5d6691f7994877cf55c8|con_2070d155d42250abac2e50baf8c6bf39|con_218bbbaab66c59bc8d0d747f3ae2fb3c|con_2c70fd784be55c4794f8294a723dedb9|con_2c97298461635376899e36569d2c7be3|con_2f8a0c46b37950fd9149d9b62f1f0142|con_31d375f206cb5fe1955efa73ae9da43e|con_387d212e18c453e2a8eb298de5c374ff|con_393178f4fb765cd0bbeaa13d06dca32c|con_398774c449785307baa3822c581963e9|con_3ae0da024263524d8e13691dbeeadc88|con_46f7b754b02b57d0a651c417f9f0471d|con_4a5af0945c9a5a01ae50e3a5ea61b3fb|con_4ead7aa21a905ad7bd1838cb33f37045|con_59aa1ee85e2d51ca8dee4338d37665c2|con_610d1afaa15d592eb956835f8fd51600|con_76db9d7d1989548fadeac8b8116dc357|con_77f42d0ca0a15c57a01b5579fef4625a|con_83ded5c17ed75ca788f320a13b17dd08|con_86779f733e9f58e78227d4c49c260033|con_86a1f5b3235452b4a3cb3b3297e4dd51|con_88a17b76344c50ba9a3a118dd558c185|con_899c01be1cc951dfb79010a2fbd8ad10|con_9473b9c31bb55e62ac4432451881acf1|con_95ce62f8d45154c7836ec0372d2a416e|con_b1ec123602ab559c939e1aa02badcd71|con_b4c70c0c6f465c4091dce97cbbd286b3|con_c59d97019dab554698aea8cb6eeb469a|con_c760f9c404835bb595e5671cf893c340|con_c90c50ce5e7c59dbaf6f3fb8efe575fd|con_d0cb7c26d6e55def83cde1da2c9bc8c5|con_d42434b7f93353e6b9eeb64711b54648|con_d4f2ce7b93c75f4ca9c7bc73a4ba2a30|con_e7325536f8e85cffa249480df8a556a2|con_e93ddb13c85852b58b88208c71191394|con_ebbe0512549c59bc8a7a31e7ec5a59e9|con_f0bbc885a5535e28bc005ca644cc4e22|con_f449befd52f1538191ef612c9e711c45
epk_583e462deb5a52dd9a555f34e5c428f2,toronto_sun_editorial_board,Toronto Sun Editorial Board,evt_159f073fa6f15c23a840651723d3c3af,2006-11-13,mayor,partial_evidence_only,2026-08-22,1,1,0,0,0,1,0,0,0,con_5d8609e7e7f4584ea28ad032690bdae8
epk_2130f95bdd4d56bdac27f4e939165333,toronto_sun_editorial_board,Toronto Sun Editorial Board,evt_5a786c1da7ec5e758036205f04351fc5,2010-10-25,councillor,partial_evidence_only,2026-08-22,44,44,0,0,0,44,0,0,0,con_0a880ce7b6ad5bdaa2e2dc7b19601aa8|con_11ea4a9756fd5bc4a466dc797994b068|con_17593cee737354878c920526a9fa7afd|con_1a46b115b13d55619bcaf30903c183e3|con_1cf871058a8c5bc9a34c7dbdf6edca83|con_20589f7261325cd892231ed42321b3cf|con_272ca0eaeab656b89a5038bc74ad9988|con_2ce79e4f63945b9b90a05c245e9382fc|con_33da03ca4a1159089c55d78f4edd2bf3|con_3fd9226a06995ec78201f807f175b930|con_43b57e74c0a454db9f5ed346b6fc7095|con_4977aa6e0a865d788ed7ebf871e4027c|con_5587a8b9ae37546eb39a67333b5011ed|con_579cae8a3fa455a7a3e68d1b1900fffa|con_5c4da484552c546aaff98277d675d594|con_6240f694b6ce5307a2126a9103153475|con_662d709bee42574392549fc786efea0d|con_680464772a025da6aa5eaf650cefb52a|con_7bbdc7e302705fee987b1ebca87ef16d|con_8283f00fca6855af9a0a63e550482bda|con_834d568760e15dcdb0b423512c33fe9c|con_8a8efa738bef57fc9329489f768529c9|con_8c969ca3bbbb537382be9d4ed8dd7697|con_a160a05c9e3e5dd7b972cd5c16d456b0|con_a46853faf8a85598b55614ee5bfc99e2|con_a62a387b9ca8511db50248d4738f3eea|con_b6bdff47e14a590897fb7531e91999d1|con_bdb4bceb8d3d535e9d9284d19bf99bb0|con_be2d96cb623553cdbd79b303f9576bda|con_bf589c2ec43c513aa964b64309534ac6|con_c713b29e028a582893ad021c4a2b8546|con_cceb1911b8545151a85313ea9045fdd6|con_d6f7b1cb92f959ab9408dbb936bcf2ff|con_da88824c2975511d9432812d4988c9d5|con_e14c9528646b58ba89bddde54ae0f23e|con_e358c35644bd5b94b662f1e211fbc70e|con_e689393a84cc500bab2476e3913f093d|con_e78d7e5eb6975c7b98ef0efd13e5c783|con_e8d5ffca829d5a06ad87216dc76d6e6a|con_ebcb4d472e005fbbadabf9f6201cbe13|con_ed22821703705704bff31b43ed036014|con_edd7a5395e9a586bb5289cb5ed1106b3|con_f0cf1eca40845631b0bd4d4750413711|con_fc66f2cac25c5ea58dccc4005672bad8
epk_282f0f71c0855992bb9a26a50d6c7e3d,toronto_sun_editorial_board,Toronto Sun Editorial Board,evt_5a786c1da7ec5e758036205f04351fc5,2010-10-25,mayor,validated_package_found,2026-08-21,1,1,1,0,1,0,0,0,0,con_099fbf24dd655a0e8b1720fbe2215a6a
epk_1f313f6007485c278f6edb1e9f679002,toronto_sun_editorial_board,Toronto Sun Editorial Board,evt_54673fd104ab5ef08eb865e162ac040c,2014-10-27,councillor,partial_evidence_only,2026-08-22,44,44,0,0,0,44,0,0,0,con_004711e5bbda5d169a7774d906befd21|con_0dc4d6b99efa5f32a8f36b24d080bb2d|con_13660de4bc485cc68e0744199d21cb46|con_17f69fde16cb514bb16fb6e361c07fff|con_1e16e8a3edc55c77847b36d881fb8fe7|con_222bdce34cf75bbeb159589e8f46045b|con_2cf721e86d7a55de8cf53a0ae3f6413c|con_2d92299c561559d99eccb92c22f4eb47|con_2f43675e2c5c59b796fafde036252ed1|con_350f0c58a79a574d926206857445b2d9|con_4e3ebb6b13cb5d2396519f9df6fbdf4b|con_4e432b136b83537fb08e7e8485f4949c|con_5161ebd9ab2b5c55bfcd6eef433082c9|con_54d4d8b5d91f5df5ba8bfdf9c61296af|con_59bfad1b37305c63a378a4614deb11ae|con_5babda81dd6351a28a423340a03b5d8a|con_5c8144ae39615a3189a3691c99c5ea4e|con_5cb64f68c501559d960b05fb29843745|con_622c2ee026875ae4ac60200b1559e8f6|con_636fab9611ed540ebff54ad772a1827d|con_639f022801275cedb8f9b4fe82711ae3|con_643801dc921651c3a1ef5d96772fb13d|con_6629fd920f2b5a8d9b7959fafdd04a1a|con_6c708130eaa15c9080cc3cd3a207f63b|con_79a0aa63063d5dd6a5a2ed28c29ecec1|con_7acbde45d7355dbeb5327c8eff9039ed|con_7d07021e53b35a609a75560232a15fd1|con_7ee43d0beaab558c9788d151bbd8d067|con_82f64d71deda5204bf8ba5ab710c21e6|con_a3ad5138021a51309ade19f0cbc4ebe1|con_b123ac953da1590ebb8bca29f5eb3bdc|con_b592d84a34965294a78c84c50bab4ddb|con_c4de914fc9f15a3cab65125ee118d9c8|con_c57f0385335559e696305e7d4e632b40|con_c8a9dfe07ee5545eb20e21d12773c57e|con_d5af05a065045bf9adaf30847252c957|con_d61412ebefff5d2b8bc9183244150abf|con_d8e03f953ae157089237a1febc263587|con_e230d66a67245cd08a806de4208d288b|con_e2f423965407516280c8b3af41b9f5cf|con_e3f1226fd27e5ec6bf5d96a8439cc26a|con_e8f16f1721ce5517977fa5bc1f660248|con_f59fe6995c8b528dbd3cbfbb5c3277c8|con_fed30965855757d399c6acfbd6e6d4f4
epk_b7058b7790d559418efef47e1058c3eb,toronto_sun_editorial_board,Toronto Sun Editorial Board,evt_54673fd104ab5ef08eb865e162ac040c,2014-10-27,mayor,validated_package_found,2026-08-21,1,1,1,0,1,0,0,0,0,con_9250eb2b2609550597520e68352ac56a
epk_2cbecd02c9ea51ffb21e91df1031327f,toronto_sun_editorial_board,Toronto Sun Editorial Board,evt_552c4874312956ae84afbbc5ee91b0f7,2016-07-25,councillor,partial_evidence_only,2026-08-22,1,1,0,0,0,1,0,0,0,con_e3ed783f131d579d8718d34c15675901
epk_27577944e0e454e5b0c4271e8b6d5eff,toronto_sun_editorial_board,Toronto Sun Editorial Board,evt_b8284a5341635f79babdf7ddc512c2f6,2017-02-13,councillor,partial_evidence_only,2026-08-22,1,1,0,0,0,1,0,0,0,con_bb2bdc05e1365857b524a0a6596b48d5
epk_b4fc5e27d49d5ee08704cc6184e0b503,toronto_sun_editorial_board,Toronto Sun Editorial Board,evt_e4fe1909276b5fbd91057022b350fff3,2018-10-22,councillor,validated_package_found,2026-08-28,25,25,27,0,25,0,0,0,0,con_147dca9e3758595d8766dc52d11a65f4|con_16fad19349255393a28639cd62e83ae3|con_1b8d99f619f758efb737805a20bcf6fb|con_2865d31031005dd897904c3f07e4d039|con_3a43982e2a0450b2a3f4c5241f6965d8|con_3fc9df4b254c5eb6a2a7fb629a124bfb|con_45eb3e143f1b5492b4652498c957ed6b|con_4def6d4e85f85950babb9030e4eae0cb|con_55f5230db0d85c499ce7cea0ce379f5f|con_612115bf42b450d3aeb63bb430d3aec9|con_6a1f4d7470675d869b3b11aede0812f2|con_6fd864aec40c5bbc9f3eb32d2e9e4379|con_7a4043e26d4256e78ee3861fb81e718a|con_7e6cf2fd75ba560a900bb024e72fe99c|con_810611751acb5e86ab30b3277e7e6dad|con_849867f583195ad38c77941612883bd9|con_8b4a03ef5a3c55c4ab20662c886b31a7|con_922d425132ad5243b459c0ca40a6dcd9|con_990816d2030b592787bdf4a19382627f|con_ac347f98e5715159b3adecf8debcbde8|con_c555f2e9b45051a8b960bdbb0ac6080a|con_c85783d7c9a4550bae21b8e14f2ff992|con_caa23fae586656b2bab11ee711073a2c|con_eeda9883ca2d57148405d41f7f5a80a4|con_f961284da53f5a38ba3a20e7e998ef4f
epk_40daa242318954018f8bb11ff4422a8e,toronto_sun_editorial_board,Toronto Sun Editorial Board,evt_e4fe1909276b5fbd91057022b350fff3,2018-10-22,mayor,validated_package_found,2026-08-21,1,1,1,0,1,0,0,0,0,con_b93d69f083ed511ab264f38cc1d8b94c
epk_b5ca2b433568519eb81607753924508c,toronto_sun_editorial_board,Toronto Sun Editorial Board,evt_50c15fe55fa753fba75abfada8da3c38,2021-01-15,councillor,partial_evidence_only,2026-08-22,1,1,0,0,0,1,0,0,0,con_53468b4ee3c7510aba4d708f584951a9
epk_cfda83809da75785a64c644b6556c741,toronto_sun_editorial_board,Toronto Sun Editorial Board,evt_a52ef78967f05336bdb5d591fd50f122,2022-10-24,councillor,partial_evidence_only,2026-08-22,25,25,0,0,0,25,0,0,0,con_037ae72c455f558590ca04bc929df4cb|con_0d314382ba1a5d62b399c1eefc717cc1|con_27e80d547d0256149213a7e90956055b|con_2c0ca30fc75e51a3acf50c4693b1cc1b|con_43f8a49a6b095ee8a38c2a1aa0477382|con_52f50431db92559f8d4391fb2e932f16|con_6821258c9f7f598e829c8617b8765c25|con_8d2d5f08a1095a14abbcb526483a3aa0|con_91f80636385c5df5b2d409f9c9b389ed|con_9476d4c41a7d5fa48b97b47e28f9305d|con_98fc649f10ee5100a44520c1500dfac9|con_9e0a04dcf1245155b6f1fd50c6a83e99|con_a1f3f1e6009c53c7a9cbb88e7e2346c0|con_a548943febc15683bb34e547001ee6e7|con_ac0a746327ea57b39ba13add8456bbd3|con_af1f1cbea2a15cf4899bdd37d9fc80f7|con_b7158aa7285c513f8255b4f87166c723|con_bab4f35c5b9a51da935131d5c790bddf|con_bcc3da3d377f5fd3bb1d8a0c3ad7160b|con_c44af6fcb9ff527e8974217b3d633af1|con_c637e2ad153c516eb79ab5edb84161f8|con_c686b3ad3bd059d78db8cc44229817a0|con_db6acf978ec15e2c9ac0230649ef0609|con_e3987d425526548a844f6d73b662eac3|con_f8a855ebf8c250bda4eeed75246305b5
epk_e03543eb8093584992edc5b6e4acd5c0,toronto_sun_editorial_board,Toronto Sun Editorial Board,evt_a52ef78967f05336bdb5d591fd50f122,2022-10-24,mayor,partial_evidence_only,2026-08-22,1,1,0,0,0,1,0,0,0,con_778d3d5e612151bcb14703a9f987556d
epk_c16b3ae04f1057f98192749a1933057d,toronto_sun_editorial_board,Toronto Sun Editorial Board,evt_eabc9f0a14165449acd2f9a1e7d557ce,2023-06-26,mayor,validated_package_found,2026-08-21,1,1,1,0,1,0,0,0,0,con_e0aab60f6a3e50d59f1f09a1742a2ddd
epk_03691da2ca0a5e2cb338c8106cb1e4fa,toronto_sun_editorial_board,Toronto Sun Editorial Board,evt_ee5715a80b5a532c8b778d94f6b7c9b8,2023-11-30,councillor,partial_evidence_only,2026-08-22,1,1,0,0,0,1,0,0,0,con_eccf9644aa2c598fa731d009a96fcf64
epk_1292a3aecf50555aa895e0c87edcddbe,toronto_sun_editorial_board,Toronto Sun Editorial Board,evt_af73d490abf95ffdae38ca2c830e51f4,2024-11-04,councillor,partial_evidence_only,2026-08-22,1,1,0,0,0,1,0,0,0,con_ca1753a2e9eb53b396a948ee50167f03
epk_9da13c47da115e6db40fc9e9309674f4,toronto_sun_editorial_board,Toronto Sun Editorial Board,evt_ca435dada07f5ed9b041b7c3d24de732,2025-09-29,councillor,partial_evidence_only,2026-08-22,1,1,0,0,0,1,0,0,0,con_c8883aeeac29529eada91aebc451242b
epk_9df423240587527bb0fac5ee69e0671e,toronto_sun_editorial_board,Toronto Sun Editorial Board,evt_27c3a2e636a457f1b1f922774525b74a,2026-10-26,councillor,partial_evidence_only,2026-08-21,25,25,0,0,0,25,0,0,0,con_0408bfe48f1059ecbe918aec119f10a3|con_0d00ed8759a1559c82329352d94a7812|con_14cf7e0c0e4c578d9a2a0777404c36b1|con_25e09708c7c756b38cca57f2cf9f3b1e|con_25f46be8b0a857faa602e39531d4ed0c|con_29e8a0598b6d5fe18984bfe68b9d27f7|con_2bf1297cee4b5750992138d9da3c0dc0|con_34196d04855f52249d03362a5469c3c0|con_35fc512b3ae2545fa6ff408778ae144d|con_368b196a6cf154a88c9f1275824dc99e|con_419d313f6cfc5451ba26ad4687222e83|con_4b6815e8c2e155d881aba7f21ad5b69b|con_5212e699e2ab537eaf63c23b0952d1a1|con_5394ec9f2261502eb1947c064bfdaf8a|con_5ae0589c69375400b18fd5960241eeac|con_67daf6d284a75ecc8b775a05a871a58e|con_6ba310e4ba695121835a4fde58144a47|con_6efbf1ffbfee5e2cb5f5fab52dd98a91|con_719e754cd3eb5a8abbc6e78d6413ff60|con_8322c67bf27e5374a4da8de81ef663fc|con_bd42720679895e8eb848ffc148979026|con_cb4eea0a3dc657cc990d4fa53b4ae76f|con_ced450846b2e53ec8391a1a85ae3e75f|con_dbcfe2c3a43b5de292d63146a94cd52b|con_f5117910f9d358e48dec8f0fd7c77712
epk_07fa9f16e17a597893f7d0b4c0eabc74,toronto_sun_editorial_board,Toronto Sun Editorial Board,evt_27c3a2e636a457f1b1f922774525b74a,2026-10-26,mayor,partial_evidence_only,2026-08-21,1,1,0,0,0,1,0,0,0,con_f97200e8b8345e4b844e990437f0b077
