endorsement_id,endorser_id,contest_id,candidacy_id
end_55f57f590b2a53b69c67e9878aa10b4c,edr_60054ff9f17d5cb5889a78d123699005,con_037ae72c455f558590ca04bc929df4cb,can_cc7dfd8b06db51e592901dc4b159ca78
end_b8e40babf9ec5caf8e0351097421d16a,edr_7130092faf1a5c159a3507bbd8db42ee,con_037ae72c455f558590ca04bc929df4cb,can_f1bfda454f1a55febe96be2c77bc773d
end_295deb6c419159cb894de0218ebd0c3a,edr_7130092faf1a5c159a3507bbd8db42ee,con_099fbf24dd655a0e8b1720fbe2215a6a,can_3d13fbd9fab452a5b347fb048574b6c4
end_c542b8843dce54299167ed6a42b7d8fe,edr_7ba4ca8cc46e50b3b3184eae43467614,con_099fbf24dd655a0e8b1720fbe2215a6a,can_d37ad909fb1c5173be971d0fb7fa193a
end_590048a60704588abf34b8c2a94b1bf0,edr_a7c5fbf78b725c8db8ec32c4c4fc177a,con_099fbf24dd655a0e8b1720fbe2215a6a,can_d37ad909fb1c5173be971d0fb7fa193a
end_acd96da8fcc95ed6b6a0c23ec56402b2,edr_b354a54e105b5740832e28b07732b4c3,con_099fbf24dd655a0e8b1720fbe2215a6a,can_6c8763577a0f5896a1f2c406b63dac92
end_40322c817117554088a13935925a4ae3,edr_7130092faf1a5c159a3507bbd8db42ee,con_0a880ce7b6ad5bdaa2e2dc7b19601aa8,can_b1cd41623edb56878391b977e6ba439d
end_c674da2e3c6651fda86a9bc891f74ebd,edr_60054ff9f17d5cb5889a78d123699005,con_0d314382ba1a5d62b399c1eefc717cc1,can_4bf69fdd28d25a3cafce07961bdc56ea
end_e9b4df3dd88d5ddf8a60f1d6a918548a,edr_7130092faf1a5c159a3507bbd8db42ee,con_0d314382ba1a5d62b399c1eefc717cc1,can_4bf69fdd28d25a3cafce07961bdc56ea
end_4d210a9a9f9c5e44b23a6471fa3f4fde,edr_7130092faf1a5c159a3507bbd8db42ee,con_11ea4a9756fd5bc4a466dc797994b068,can_c7d68ddda26d5d3388726dcf769561a1
end_30e1d0b482d45038a26624bbe6ba2e59,edr_b354a54e105b5740832e28b07732b4c3,con_16fad19349255393a28639cd62e83ae3,can_44edb32c95a155788c97ba51aab252a9
end_537717d3278d5955969379abdd587506,edr_7130092faf1a5c159a3507bbd8db42ee,con_17593cee737354878c920526a9fa7afd,can_c9296961f4af5a46874ce7428a5ef234
end_3bfa71a3db0d54a4a191c6742269f379,edr_a7c5fbf78b725c8db8ec32c4c4fc177a,con_17c2e1a7404c5641823443ca7a6dcc10,can_3f84dacf17b85bdbad830258c4a975a8
end_f9b1b959b03159348407ec8dfc42de3a,edr_7130092faf1a5c159a3507bbd8db42ee,con_1a46b115b13d55619bcaf30903c183e3,can_131edf3f125553cfa6c71abe8e2d112a
end_5430e176c3355634acb147491cf49380,edr_69f1317690e6571bb2b2e9a7e9690ab8,con_1b8d99f619f758efb737805a20bcf6fb,can_d7591ea7a10b549e97f6a6ec33e194d6
end_131a1401d63153d59b1d3eb25397b568,edr_7130092faf1a5c159a3507bbd8db42ee,con_1cf871058a8c5bc9a34c7dbdf6edca83,can_6e7ec519d4b15e4c85ff9f3f28e028f9
end_cdc309ba4de35dab843a4f10fea92423,edr_7130092faf1a5c159a3507bbd8db42ee,con_20589f7261325cd892231ed42321b3cf,can_531164ded0fe544494b2d2f5a84d639e
end_afea694d63895476836371e84766111a,edr_7130092faf1a5c159a3507bbd8db42ee,con_272ca0eaeab656b89a5038bc74ad9988,can_ad20c1e63a13506e989aa3c8fac52131
end_8ab5335a12015da3a9aeb5e26e1636b5,edr_7130092faf1a5c159a3507bbd8db42ee,con_27e80d547d0256149213a7e90956055b,can_1c713059ec0357ccb3294d4ec433ba51
end_d823e74f73775908bb32975379099858,edr_bdd4b13ef74d501780c8fcadd091591e,con_27e80d547d0256149213a7e90956055b,can_1c713059ec0357ccb3294d4ec433ba51
end_99b7feadc2895ace8d468798e6668d76,edr_69f1317690e6571bb2b2e9a7e9690ab8,con_2865d31031005dd897904c3f07e4d039,can_c17e828fbf045e0087095cfa28321105
end_f23d43e60e6854e8a8358e36d22c8558,edr_69f1317690e6571bb2b2e9a7e9690ab8,con_2c0ca30fc75e51a3acf50c4693b1cc1b,can_5d3cda342f5d5ce9a7bcb18578d4c2b7
end_f32a94e1e7b956588f294314c1c923a2,edr_7130092faf1a5c159a3507bbd8db42ee,con_2c0ca30fc75e51a3acf50c4693b1cc1b,can_5d3cda342f5d5ce9a7bcb18578d4c2b7
end_6117a42078175f3088f35f740911e5aa,edr_bdd4b13ef74d501780c8fcadd091591e,con_2c0ca30fc75e51a3acf50c4693b1cc1b,can_79eaa51713b25cf5912773588f7cb884
end_7fc804e75e615ecba2d0f929c9644ba2,edr_7130092faf1a5c159a3507bbd8db42ee,con_2ce79e4f63945b9b90a05c245e9382fc,can_9bc0a1a0c5b75c6cbddcdc0c904333fc
end_eb1c2db7a9775a408a5c2dab56b27b03,edr_7130092faf1a5c159a3507bbd8db42ee,con_33da03ca4a1159089c55d78f4edd2bf3,can_17118493cdb85060a2d2685c20dcc532
end_724791f6f0875196bbccf58b9ef13518,edr_69f1317690e6571bb2b2e9a7e9690ab8,con_3a43982e2a0450b2a3f4c5241f6965d8,can_c370bbf8fd765d9694fd4f089ba3d462
end_643cae307c3b5fb2bfbeeca64459f21d,edr_b354a54e105b5740832e28b07732b4c3,con_3fc9df4b254c5eb6a2a7fb629a124bfb,can_02d0984005935af0b592f3ad185eff48
end_470ae5a24b345a64affdc726c9848b73,edr_7130092faf1a5c159a3507bbd8db42ee,con_3fd9226a06995ec78201f807f175b930,can_32606177dc245101934f064b80715a9a
end_672a8d2f58865faba24fe3bde60bba8a,edr_7130092faf1a5c159a3507bbd8db42ee,con_43b57e74c0a454db9f5ed346b6fc7095,can_2b869e48f3e3564d84ed686769f4eb2e
end_8aec702b476b52ea8d498e458463a913,edr_69f1317690e6571bb2b2e9a7e9690ab8,con_43f8a49a6b095ee8a38c2a1aa0477382,can_75961c4df15e5d8c85f6a63ffa59f246
end_495bb518587e5d3c828aa2302d7c841a,edr_7130092faf1a5c159a3507bbd8db42ee,con_43f8a49a6b095ee8a38c2a1aa0477382,can_75961c4df15e5d8c85f6a63ffa59f246
end_3f0fb5d6f43c57abbbb0532e64e18703,edr_69f1317690e6571bb2b2e9a7e9690ab8,con_45eb3e143f1b5492b4652498c957ed6b,can_8702c409b44c56869788d0fcb7ee8999
end_f8f38e14171f5665990857181cf79b79,edr_bdd4b13ef74d501780c8fcadd091591e,con_45eb3e143f1b5492b4652498c957ed6b,can_aeb469c9e30b5f37a4f25f6a757d2ca4
end_8b21841db736528b8404f0702936f2fa,edr_7130092faf1a5c159a3507bbd8db42ee,con_4977aa6e0a865d788ed7ebf871e4027c,can_bfd9ba4cc93d5f609d4522308bd0888b
end_64c88be7059d5eedb65bf51529f54aca,edr_69f1317690e6571bb2b2e9a7e9690ab8,con_4def6d4e85f85950babb9030e4eae0cb,can_bd1df746d51c51459c672d68456dc7e6
end_3295468eea865b57b59d38e106bf18b1,edr_b354a54e105b5740832e28b07732b4c3,con_4def6d4e85f85950babb9030e4eae0cb,can_fafe793aa442549aa62e15c5f44bc07f
end_a1eb984a959e5d158efceddf456a1413,edr_60054ff9f17d5cb5889a78d123699005,con_52f50431db92559f8d4391fb2e932f16,can_6c6ffe1b743357a5b7e74c8e511ea2d9
end_00c1b3c01b5055adb76158abbb8ab610,edr_69f1317690e6571bb2b2e9a7e9690ab8,con_52f50431db92559f8d4391fb2e932f16,can_6c6ffe1b743357a5b7e74c8e511ea2d9
end_eaa9f113bc3c5506ad8fda889ed9dae4,edr_7130092faf1a5c159a3507bbd8db42ee,con_52f50431db92559f8d4391fb2e932f16,can_6c6ffe1b743357a5b7e74c8e511ea2d9
end_e696824521175e5eb12aaa4e1c47f11e,edr_bdd4b13ef74d501780c8fcadd091591e,con_52f50431db92559f8d4391fb2e932f16,can_c4e145ff6e765e0082c90ea1a07ae943
end_ec0962809ceb566eb17a2d7f792d7158,edr_5c1c75b89db75f0a85c5f1dcc9d06149,con_53468b4ee3c7510aba4d708f584951a9,can_f9f7d971b99c52cf9a48edf7b1dd38ba
end_ca30e4ab9d8f5e59a6a531998fa88f2c,edr_60054ff9f17d5cb5889a78d123699005,con_53468b4ee3c7510aba4d708f584951a9,can_f9f7d971b99c52cf9a48edf7b1dd38ba
end_e7edf6f1343f5c85b138dc10830087dd,edr_7130092faf1a5c159a3507bbd8db42ee,con_5587a8b9ae37546eb39a67333b5011ed,can_f7946b75ec045bfab704dee9cb1dd70d
end_9429d72b0ccf5afcbcac00ad69cf595f,edr_69f1317690e6571bb2b2e9a7e9690ab8,con_55f5230db0d85c499ce7cea0ce379f5f,can_a9d93ea575e9511aad1985615dbd47f9
end_853fa563394a5f17ae699a4e92599c52,edr_7130092faf1a5c159a3507bbd8db42ee,con_579cae8a3fa455a7a3e68d1b1900fffa,can_e4d5de017a4c5861a2f577ede413c236
end_4136f23c00ae5bb4bb375a318d73345b,edr_7130092faf1a5c159a3507bbd8db42ee,con_5c4da484552c546aaff98277d675d594,can_b0071b72639b5d12bf5753a507e8d11d
end_0ce791663b155265b52351c8bdca13f4,edr_60054ff9f17d5cb5889a78d123699005,con_612115bf42b450d3aeb63bb430d3aec9,can_a4e55da62ed2509cb497ad0bfd65c11f
end_165401e78d975e7f97aa197de53049e7,edr_69f1317690e6571bb2b2e9a7e9690ab8,con_612115bf42b450d3aeb63bb430d3aec9,can_a4e55da62ed2509cb497ad0bfd65c11f
end_0aca0adcf4f55a2fa83bc33dc879f779,edr_b354a54e105b5740832e28b07732b4c3,con_612115bf42b450d3aeb63bb430d3aec9,can_881b56db387e50b19b0aa61d56b09724
end_e1074f71815856bca4f8ae3522bce78d,edr_bdd4b13ef74d501780c8fcadd091591e,con_612115bf42b450d3aeb63bb430d3aec9,can_881b56db387e50b19b0aa61d56b09724
end_b241b46582315f30a4311f9b3b416ac2,edr_7130092faf1a5c159a3507bbd8db42ee,con_6240f694b6ce5307a2126a9103153475,can_e2975b624cc053808bf8af2a0d68d1e3
end_ddfc8cf6345252d99ee89bdfd2ebf975,edr_7130092faf1a5c159a3507bbd8db42ee,con_662d709bee42574392549fc786efea0d,can_d437f9f474165333825eaf0769a775ef
end_30b16a7efab35c21915a7a633486a407,edr_7130092faf1a5c159a3507bbd8db42ee,con_680464772a025da6aa5eaf650cefb52a,can_1bdb16ff80e85c0ca7531e87d51d0c30
end_fc4e8111a9185002be47717664e76fb5,edr_60054ff9f17d5cb5889a78d123699005,con_6821258c9f7f598e829c8617b8765c25,can_73ec5ac31ba8585b9b52e77fce07bc31
end_d0d5c19f0f4056099e554e49cfc2f3d1,edr_69f1317690e6571bb2b2e9a7e9690ab8,con_6821258c9f7f598e829c8617b8765c25,can_73ec5ac31ba8585b9b52e77fce07bc31
end_90573d6f0831589b9ac03f1399ebc58e,edr_7130092faf1a5c159a3507bbd8db42ee,con_6821258c9f7f598e829c8617b8765c25,can_73ec5ac31ba8585b9b52e77fce07bc31
end_26c6b7d8b95e55b798826aa2ce12e411,edr_bdd4b13ef74d501780c8fcadd091591e,con_6821258c9f7f598e829c8617b8765c25,can_088b3c28f70f5a1397b937c55ecb3a65
end_dcf3d8316b5853a7a60f8c46576cb1c2,edr_7130092faf1a5c159a3507bbd8db42ee,con_778d3d5e612151bcb14703a9f987556d,can_0101698bc62b5b279cd15537a2e12179
end_48ccf9f89f8d51aa8308c08b6c196b49,edr_69f1317690e6571bb2b2e9a7e9690ab8,con_7a4043e26d4256e78ee3861fb81e718a,can_577ddf8125b85bf18e731f150dca4600
end_bee92f77f5325b329b7ecc9a0a3d791e,edr_b354a54e105b5740832e28b07732b4c3,con_7a4043e26d4256e78ee3861fb81e718a,can_a6628f45e8ae5f50a48d6645d8d8646f
end_dc5d00efe08f5925b406a20eb5f06008,edr_7130092faf1a5c159a3507bbd8db42ee,con_7bbdc7e302705fee987b1ebca87ef16d,can_5ec80b2bd0ae52ef817f16eb7be56d5b
end_475aee9fb5375d359c88935c9e58d88e,edr_b354a54e105b5740832e28b07732b4c3,con_7e6cf2fd75ba560a900bb024e72fe99c,can_a138036d836c5c8da46d76df542f931f
end_1f6022d1cf2d5981bdb99de06eca3b65,edr_69f1317690e6571bb2b2e9a7e9690ab8,con_810611751acb5e86ab30b3277e7e6dad,can_aa928563d472570d901401bff637b922
end_b5ac0ff09a1d5e28a6da3bd7bbe987d6,edr_7130092faf1a5c159a3507bbd8db42ee,con_8283f00fca6855af9a0a63e550482bda,can_529380293f3b58fba0c0897c393bbc06
end_838d9d138ca7574c8f45ee61c2703c49,edr_7130092faf1a5c159a3507bbd8db42ee,con_834d568760e15dcdb0b423512c33fe9c,can_45b15eac7fae5421af50a0a12e1b27df
end_57a49c6cd42153bf8d6d1e49c22d6a68,edr_69f1317690e6571bb2b2e9a7e9690ab8,con_849867f583195ad38c77941612883bd9,can_4eec1f4fc03c5c2192fa031a86b3420d
end_d7ff5b63aff85997a425fc2e0434961d,edr_b354a54e105b5740832e28b07732b4c3,con_849867f583195ad38c77941612883bd9,can_56769676131c5f708884abdfea79deef
end_b0cdeb67f2465ec6a4ecf6660bafd54d,edr_69f1317690e6571bb2b2e9a7e9690ab8,con_8b4a03ef5a3c55c4ab20662c886b31a7,can_daba066aa91d57bb8ac1116dacf2f2bc
end_471e7ac6584d535aa08c16e3bf7ae99a,edr_bdd4b13ef74d501780c8fcadd091591e,con_8b4a03ef5a3c55c4ab20662c886b31a7,can_daba066aa91d57bb8ac1116dacf2f2bc
end_547d67a50c055cd298fe7a7d11fe61ce,edr_7130092faf1a5c159a3507bbd8db42ee,con_8c969ca3bbbb537382be9d4ed8dd7697,can_50edbd001f525fbdaef79280b8ae15ba
end_adebb4847f9055319dfa1baff2675001,edr_7130092faf1a5c159a3507bbd8db42ee,con_8d2d5f08a1095a14abbcb526483a3aa0,can_95396b48533f50499d760d4eefdf569e
end_77212d152751593d9ad12fcd9e5ef203,edr_bdd4b13ef74d501780c8fcadd091591e,con_8d2d5f08a1095a14abbcb526483a3aa0,can_95396b48533f50499d760d4eefdf569e
end_f048cf4acc7f5633b23aec0ecba763ba,edr_7130092faf1a5c159a3507bbd8db42ee,con_91f80636385c5df5b2d409f9c9b389ed,can_a5a51a39a0825accaf1a1112adefeedf
end_b7db9a370e1c5db9948da33ad49f7448,edr_b354a54e105b5740832e28b07732b4c3,con_922d425132ad5243b459c0ca40a6dcd9,can_b52f6554caab5bc08b7deca203ffd5d5
end_06d1586a754956c9b99810ecc948b96e,edr_5c1c75b89db75f0a85c5f1dcc9d06149,con_9250eb2b2609550597520e68352ac56a,can_f8596729724057669c4cc01eef5fc959
end_2b87bbd9340e578b9a2d76c41b105ef3,edr_b354a54e105b5740832e28b07732b4c3,con_9250eb2b2609550597520e68352ac56a,can_b3ecaef663ba56adbab70efbcb5004da
end_db4a059eeaa8527eb9495b15fb8db919,edr_7130092faf1a5c159a3507bbd8db42ee,con_945161409a0450f29e351ff3f263f815,can_63e1ea224f9a5132ae24d181a6bd7ca2
end_7a1a2271fa5f5907859c97d5e1f11b84,edr_60054ff9f17d5cb5889a78d123699005,con_9476d4c41a7d5fa48b97b47e28f9305d,can_4b78f4587dab5e69b879563516563791
end_e37dbfa0c8d55b4aaaaf13ee5f19f34f,edr_7130092faf1a5c159a3507bbd8db42ee,con_9476d4c41a7d5fa48b97b47e28f9305d,can_4b78f4587dab5e69b879563516563791
end_21b7a984256a54209e9156850f9f1010,edr_7130092faf1a5c159a3507bbd8db42ee,con_98fc649f10ee5100a44520c1500dfac9,can_765f141c853a5c22bec6091dfb398cef
end_2de20a7ee768510980a247f133b48a82,edr_69f1317690e6571bb2b2e9a7e9690ab8,con_990816d2030b592787bdf4a19382627f,can_6dfeac63c0665cf483c6ac6a4934541e
end_ae083581282456649598d975b047fb99,edr_60054ff9f17d5cb5889a78d123699005,con_9e0a04dcf1245155b6f1fd50c6a83e99,can_0c187005e2eb558c9e79766553461816
end_28a57d10699352a7bb8bde7636cbed98,edr_69f1317690e6571bb2b2e9a7e9690ab8,con_9e0a04dcf1245155b6f1fd50c6a83e99,can_0c187005e2eb558c9e79766553461816
end_dd07df31c3bf5563a77f09c3cb401259,edr_7130092faf1a5c159a3507bbd8db42ee,con_9e0a04dcf1245155b6f1fd50c6a83e99,can_0c187005e2eb558c9e79766553461816
end_03d0bdb46c075a0dbace473479b5548e,edr_bdd4b13ef74d501780c8fcadd091591e,con_9e0a04dcf1245155b6f1fd50c6a83e99,can_4be13ddaed1f5fd69bb23af3743ef443
end_7283cf03764d5b278bdae4a64c1528c0,edr_7130092faf1a5c159a3507bbd8db42ee,con_a160a05c9e3e5dd7b972cd5c16d456b0,can_c7c7cd99176353b4867b961bffb52dbd
end_30e87dc7a0bf567d8a37a2ee0c30c944,edr_7130092faf1a5c159a3507bbd8db42ee,con_a46853faf8a85598b55614ee5bfc99e2,can_e0998ace6afe5dbaafc18a2b31c0b812
end_66f95160a4715461b4be6c6fd737661b,edr_69f1317690e6571bb2b2e9a7e9690ab8,con_a548943febc15683bb34e547001ee6e7,can_ce7185de10085eaaaedc1b064810f59d
end_f876dc42db805f589dea05168191d376,edr_7130092faf1a5c159a3507bbd8db42ee,con_a548943febc15683bb34e547001ee6e7,can_ce7185de10085eaaaedc1b064810f59d
end_9e7ab752135a582da1117104c69edae4,edr_7130092faf1a5c159a3507bbd8db42ee,con_a62a387b9ca8511db50248d4738f3eea,can_e34594d731415f04ac40d229c5b80a90
end_a8ff646544f553ce995178a6fa654915,edr_7130092faf1a5c159a3507bbd8db42ee,con_ac0a746327ea57b39ba13add8456bbd3,can_0e66b13370375a32876db67694e0ddbd
end_c750a8e87fa7558f8405864bd9a490a5,edr_69f1317690e6571bb2b2e9a7e9690ab8,con_ac347f98e5715159b3adecf8debcbde8,can_467ce1971c8b595a88cebb67edda463a
end_694c568284cc52009b18c250e736f7dd,edr_b354a54e105b5740832e28b07732b4c3,con_ac347f98e5715159b3adecf8debcbde8,can_8c722fdcbad151f7a215974077dcdcbb
end_c8ccd87bcecf57c1aaf755c5365d3109,edr_bdd4b13ef74d501780c8fcadd091591e,con_af1f1cbea2a15cf4899bdd37d9fc80f7,can_03d6f16490885a9bb430aa263793788d
end_0572558bc39754469ee680313e88aeaa,edr_a7c5fbf78b725c8db8ec32c4c4fc177a,con_b4c70c0c6f465c4091dce97cbbd286b3,can_8beb4a28087f5a58b667f68fdc297a43
end_b5b143603a495a9baa6796c9084d2d21,edr_7130092faf1a5c159a3507bbd8db42ee,con_b6bdff47e14a590897fb7531e91999d1,can_fa2386984a6859aea04bcfbaef485422
end_461a7a88e4815aaab8d204726fe2fff0,edr_7130092faf1a5c159a3507bbd8db42ee,con_b7158aa7285c513f8255b4f87166c723,can_8a8622ea6deb5fc893af017dd09e6cb6
end_538b0fd1cb155509b5d24c56c1713a75,edr_bdd4b13ef74d501780c8fcadd091591e,con_b7158aa7285c513f8255b4f87166c723,can_8a8622ea6deb5fc893af017dd09e6cb6
end_e16ba054022c51aabdc6ee9b628c58d9,edr_5c1c75b89db75f0a85c5f1dcc9d06149,con_b93d69f083ed511ab264f38cc1d8b94c,can_2e7f514d475f51b687e3b907ae3b0fad
end_cda291b20b5554b1a1a0260b3883a5ae,edr_7130092faf1a5c159a3507bbd8db42ee,con_b93d69f083ed511ab264f38cc1d8b94c,can_fa7dd6aa57a55b69828e69186f5a67cf
end_09f986d138ee5a679a91d570adfa90f8,edr_b354a54e105b5740832e28b07732b4c3,con_b93d69f083ed511ab264f38cc1d8b94c,can_fa7dd6aa57a55b69828e69186f5a67cf
end_66eda19dc49058f4bd841a15d15c785b,edr_7130092faf1a5c159a3507bbd8db42ee,con_bab4f35c5b9a51da935131d5c790bddf,can_86b4a8b96048544897930f1f1cd40336
end_aeaea8da54835cb1a40b0d3de67a2944,edr_bdd4b13ef74d501780c8fcadd091591e,con_bab4f35c5b9a51da935131d5c790bddf,can_86b4a8b96048544897930f1f1cd40336
end_a633765e94525ffd9b8a13ec55ef4df6,edr_60054ff9f17d5cb5889a78d123699005,con_bcc3da3d377f5fd3bb1d8a0c3ad7160b,can_65ba2cff1113567da004dd917ba8ef28
end_62a12a64a14c56859256dd4d96c24aa8,edr_69f1317690e6571bb2b2e9a7e9690ab8,con_bcc3da3d377f5fd3bb1d8a0c3ad7160b,can_65ba2cff1113567da004dd917ba8ef28
end_a063d8b3312558ceb59061f659c36e12,edr_7130092faf1a5c159a3507bbd8db42ee,con_bcc3da3d377f5fd3bb1d8a0c3ad7160b,can_65ba2cff1113567da004dd917ba8ef28
end_3caf0fa4a5955a47b97f30c736933b5c,edr_bdd4b13ef74d501780c8fcadd091591e,con_bcc3da3d377f5fd3bb1d8a0c3ad7160b,can_0683e747d16658ccbd08215379bddc50
end_a88da16815cd5e97a3f431698445d206,edr_7130092faf1a5c159a3507bbd8db42ee,con_bdb4bceb8d3d535e9d9284d19bf99bb0,can_90847115d65158f29c71dfe3d717587d
end_84c43994b0595413b0dcc49988d9e787,edr_7130092faf1a5c159a3507bbd8db42ee,con_be2d96cb623553cdbd79b303f9576bda,can_1fd2c30b34d15e9d944754561a4a9fb2
end_8230be7b669756abaa0fb82c52a79ca6,edr_7130092faf1a5c159a3507bbd8db42ee,con_bf589c2ec43c513aa964b64309534ac6,can_c8038df0a27d5dcb8d73872ea8e7fac6
end_6c7c76ab825e5d678c5fe2ab34ee369c,edr_60054ff9f17d5cb5889a78d123699005,con_c44af6fcb9ff527e8974217b3d633af1,can_45aad11df89c511b88aed431e1b1be4e
end_11d10384af3b5528a0af92ee55adfb6e,edr_69f1317690e6571bb2b2e9a7e9690ab8,con_c44af6fcb9ff527e8974217b3d633af1,can_45aad11df89c511b88aed431e1b1be4e
end_6c54513a379d515c80dc6f86d23b13c0,edr_7130092faf1a5c159a3507bbd8db42ee,con_c44af6fcb9ff527e8974217b3d633af1,can_45aad11df89c511b88aed431e1b1be4e
end_6643bdad47c057fd9e5d797cf5be92fe,edr_60054ff9f17d5cb5889a78d123699005,con_c686b3ad3bd059d78db8cc44229817a0,can_19bbe15fc35c514cab23e1672f721659
end_1a9fc4a1a0dd5260ab8a05b870895c44,edr_69f1317690e6571bb2b2e9a7e9690ab8,con_c686b3ad3bd059d78db8cc44229817a0,can_19bbe15fc35c514cab23e1672f721659
end_e9cff7d9ddfe5b448a8ca3acf5b0d319,edr_7130092faf1a5c159a3507bbd8db42ee,con_c686b3ad3bd059d78db8cc44229817a0,can_19bbe15fc35c514cab23e1672f721659
end_d7a06eeb050958ddb0998392efbee90f,edr_7130092faf1a5c159a3507bbd8db42ee,con_c713b29e028a582893ad021c4a2b8546,can_edd326acec2f5de290d92e603306cde4
end_4bb7d9d652e75c32acee1240bd1d3ee1,edr_69f1317690e6571bb2b2e9a7e9690ab8,con_c85783d7c9a4550bae21b8e14f2ff992,can_cd24b1b0a226537e8e6a4cc6ad03981a
end_28df8789b56056f19b0c361f01f458dc,edr_b354a54e105b5740832e28b07732b4c3,con_c85783d7c9a4550bae21b8e14f2ff992,can_736c4515a83c5c4d99d7bbb1acdd5f7a
end_85e30d2eaffa5834a29bdc018fb885f7,edr_60054ff9f17d5cb5889a78d123699005,con_c8883aeeac29529eada91aebc451242b,can_2a0745629be0507080db6d72f4a6719b
end_ae3d8fe6cd5f5a5088bc0a6b68000731,edr_7ba4ca8cc46e50b3b3184eae43467614,con_c8883aeeac29529eada91aebc451242b,can_2a0745629be0507080db6d72f4a6719b
end_7cfb1787cf52582b8111aa92ee47a030,edr_b354a54e105b5740832e28b07732b4c3,con_caa23fae586656b2bab11ee711073a2c,can_6f92d616fbc254aa87d1296422abbdae
end_0bcef85d750059c4b90b256b8d8d5624,edr_7130092faf1a5c159a3507bbd8db42ee,con_cceb1911b8545151a85313ea9045fdd6,can_bf8e3f276b1352d39472d249a2fabd9f
end_eaef60d7e12f507faee75cc24f62278d,edr_7130092faf1a5c159a3507bbd8db42ee,con_d6f7b1cb92f959ab9408dbb936bcf2ff,can_8b6bf34be2875df09f7015637c112ccd
end_336fe49f08e656559c0da1d08b931f31,edr_a7c5fbf78b725c8db8ec32c4c4fc177a,con_d6f7b1cb92f959ab9408dbb936bcf2ff,can_7c4e23514e3b546e8fc7ea161c40a4f1
end_dd6d46a5b7375451b9aca0bf02ee2131,edr_7130092faf1a5c159a3507bbd8db42ee,con_da88824c2975511d9432812d4988c9d5,can_181e63f5d37a527eaa8e5f5fe8ff795f
end_8a8155fa79105ec383cf801861e7a226,edr_69f1317690e6571bb2b2e9a7e9690ab8,con_db6acf978ec15e2c9ac0230649ef0609,can_933ed8a454ba5127a1f53e6f4b508546
end_9db55c20f9ea51a48198091c744f93c9,edr_7130092faf1a5c159a3507bbd8db42ee,con_db6acf978ec15e2c9ac0230649ef0609,can_933ed8a454ba5127a1f53e6f4b508546
end_3c37c11139d3580c8e043f7de41dadf3,edr_bdd4b13ef74d501780c8fcadd091591e,con_db6acf978ec15e2c9ac0230649ef0609,can_933ed8a454ba5127a1f53e6f4b508546
end_f4e02324d9525d7d847dc885a2dab3da,edr_5c1c75b89db75f0a85c5f1dcc9d06149,con_e0aab60f6a3e50d59f1f09a1742a2ddd,can_ffd12261189f582d95b5d8495efc720d
end_bd4e44c50d02591ca620bfc294fa31b0,edr_60054ff9f17d5cb5889a78d123699005,con_e0aab60f6a3e50d59f1f09a1742a2ddd,can_ffd12261189f582d95b5d8495efc720d
end_c71ee08368f659909fc70a028cece011,edr_69f1317690e6571bb2b2e9a7e9690ab8,con_e0aab60f6a3e50d59f1f09a1742a2ddd,can_ffd12261189f582d95b5d8495efc720d
end_2e585cdb67085efc9e23154d96ba63ac,edr_7130092faf1a5c159a3507bbd8db42ee,con_e0aab60f6a3e50d59f1f09a1742a2ddd,can_f9c65b5f49305573ac4de1d27b1e8fca
end_e74d928da83b544ca8ebe03ee014e5a8,edr_7ba4ca8cc46e50b3b3184eae43467614,con_e0aab60f6a3e50d59f1f09a1742a2ddd,can_ffd12261189f582d95b5d8495efc720d
end_1259d4c3a12d5b4e82f7c3f9485884d1,edr_b354a54e105b5740832e28b07732b4c3,con_e0aab60f6a3e50d59f1f09a1742a2ddd,can_b0b70cf1154d5e858ffac38014484f05
end_c5298ddb5da45db98d8e6cd450b8e327,edr_bdd4b13ef74d501780c8fcadd091591e,con_e0aab60f6a3e50d59f1f09a1742a2ddd,can_f9c65b5f49305573ac4de1d27b1e8fca
end_e09cb8c7cbf956e4ada622e767469030,edr_7130092faf1a5c159a3507bbd8db42ee,con_e14c9528646b58ba89bddde54ae0f23e,can_da959df9c1b85625a1c9dff24bc2446f
end_a472da07c7735a4b90ab4d9154b74953,edr_7130092faf1a5c159a3507bbd8db42ee,con_e358c35644bd5b94b662f1e211fbc70e,can_dddb35cb411b5da38baa6a18a49a5827
end_3c0db6bb00c95c9388330c8f1b522095,edr_7130092faf1a5c159a3507bbd8db42ee,con_e3987d425526548a844f6d73b662eac3,can_2e4aa5191b76594f88dbe6b8af5e48be
end_920d9c6610765822adec3ed1cd23a8bb,edr_7130092faf1a5c159a3507bbd8db42ee,con_e689393a84cc500bab2476e3913f093d,can_4705ac53fc05540e86ec19585ff7d33c
end_cf9ca7a0c8ba53e2996674d320c35255,edr_7130092faf1a5c159a3507bbd8db42ee,con_e78d7e5eb6975c7b98ef0efd13e5c783,can_7e438bfe1694579ca49127ff39200d21
end_9d972aa9c0fb504191cb77fe32adbd7e,edr_7130092faf1a5c159a3507bbd8db42ee,con_e8d5ffca829d5a06ad87216dc76d6e6a,can_00cc575e9d0c54458236d6e438b3a20a
end_51c968bde7cb53199b30c0cc6322ca98,edr_7130092faf1a5c159a3507bbd8db42ee,con_ebcb4d472e005fbbadabf9f6201cbe13,can_4904cf2217345185a3d72c6fb1b7dbcd
end_d57589166d3a58e2b7ceecfe738f1cef,edr_69f1317690e6571bb2b2e9a7e9690ab8,con_eccf9644aa2c598fa731d009a96fcf64,can_710ea99956e75b6eb5ad0484b38a1172
end_e782ae93e62a5363a76c267bf01dfc85,edr_7130092faf1a5c159a3507bbd8db42ee,con_ed22821703705704bff31b43ed036014,can_3fbcbdc53f3f5f02974c3789f5c6cb31
end_174f6157fb4f5374831ddb0a4c5d5cf3,edr_7130092faf1a5c159a3507bbd8db42ee,con_edd7a5395e9a586bb5289cb5ed1106b3,can_1976e1403ea950dda39dc2cde607cfad
end_30c59e92a93a5f4eaa414d1e5a37b5f3,edr_69f1317690e6571bb2b2e9a7e9690ab8,con_eeda9883ca2d57148405d41f7f5a80a4,can_8fba857b4440581999ddfd32c59ec62f
end_ae1c10afe5965859ac1bdb560b7b22b8,edr_b354a54e105b5740832e28b07732b4c3,con_eeda9883ca2d57148405d41f7f5a80a4,can_76a5898fec8b5e3983638f5c9354afe3
end_4f5abfe44b155082b701e8a3d96356ad,edr_7130092faf1a5c159a3507bbd8db42ee,con_f0cf1eca40845631b0bd4d4750413711,can_53b411acfe775f8cb3a5075bfcd5d14a
end_c181a2e7e4f6502a8ff955c0cd8fe08b,edr_7130092faf1a5c159a3507bbd8db42ee,con_f8a855ebf8c250bda4eeed75246305b5,can_3c3d60402ebe53679b24342c577cb4f6
end_28bb3062935c5d5eb3e65d912a559024,edr_69f1317690e6571bb2b2e9a7e9690ab8,con_f961284da53f5a38ba3a20e7e998ef4f,can_f016d26c42dc5073b6e91d974223d0a7
end_6c95390ccbda565d98c6c3a44b1eb23b,edr_b354a54e105b5740832e28b07732b4c3,con_f961284da53f5a38ba3a20e7e998ef4f,can_b6b790f30421564ca2e9c8263737a42e
end_f41f32e336dc591ea151e1c83e374a69,edr_7130092faf1a5c159a3507bbd8db42ee,con_fc66f2cac25c5ea58dccc4005672bad8,can_c490de310f0e5ec3807cce9b7efebbcd
