party_id,jurisdiction,canonical_name,party_name_raw
pty_6d22cea2dad5596b9eaeeda7454f9a51,elections_canada,Animal Protection Party,Animal Protection Party
pty_fa125c3e5f53576dbfe705c4b0acd5bc,elections_canada,CFF - Canada's Fourth Front,CFF - Canada's Fourth Front
pty_a2693b9e27dd5a23ac32aa7418faf7e1,elections_canada,Canadian Action Party,Canadian Action Party
pty_c2f81abf68da53eeb5f3572f78f79ba9,elections_canada,Canadian Future Party,Canadian Future Party
pty_ec2178b6041d5aaa9c3808e4df200ee7,elections_canada,Centrist,Centrist
pty_16839c0f1f0955ec83d67d7259a751de,elections_canada,Christian Heritage Party of Canada,Christian Heritage Party
pty_37e224706ee15295b4fdf8a8a55d9412,elections_canada,Communist,Communist
pty_64e887518429547ca63fc713349ba655,elections_canada,Conservative Party of Canada,Conservative
pty_84a74c50520454358fc799db0105e9ef,elections_canada,Free Party Canada,Free Party Canada
pty_febebad2d94f5243be40a81164f158cb,elections_canada,Green Party of Canada,Green Party
pty_f3cb781d63065a87a25726041d47923d,elections_canada,Liberal Party of Canada,Liberal
pty_1db032951d705b37afb2ddf47ae87e2d,elections_canada,Libertarian Party of Canada,Libertarian
pty_1594e93ee89a5a3a9f20e53ce8789f23,elections_canada,Marijuana Party,Marijuana Party
pty_7fb56bac238d5dfe8c2644404a22f6e2,elections_canada,Marxist-Leninist,Marxist-Leninist
pty_2b3c3ae18616561a94f02bc10f8feaa3,elections_canada,National Citizens Alliance,National Citizens Alliance
pty_1acc34bc35b95701adae300712d42ceb,elections_canada,Nationalist,Nationalist
pty_7923361c692b53d3b3244c465bb00c74,elections_canada,New Democratic Party,NDP-New Democratic Party
pty_f45f96e0c8aa573a9745c8c479c0fdac,elections_canada,Online Party of Canada,Online Party of Canada
pty_05ed6f141f195decbcc24c0bd8de8a15,elections_canada,PACT,PACT
pty_c99a441c51b05e68a957c53d117e7e4d,elections_canada,Parti Rhinocéros Party,Parti Rhinocéros Party
pty_2aac317ef30a5dbf98ace1236a772c10,elections_canada,People's Party - PPC,People's Party - PPC
pty_7af62f06eaca5e5a89537c0e56ef2f92,elections_canada,Progressive Canadian Party,PC Party
pty_51e7f114abdb5aa1990c96e404f23b62,elections_canada,Stop Climate Change,Stop Climate Change
pty_9c94bda67da55af9a1fed37934980de5,elections_canada,The Bridge,The Bridge
pty_c6e67b4597be5824a517ed97fb6e9e13,elections_canada,United Party of Canada,UPC
pty_a1563ad0408b568796dc80d3fb8fa914,elections_ontario,Canadian Economic Party,Canadian Economic Party
pty_30bbd4471ace5f6f97109aa1770171a3,elections_ontario,Canadians' Choice Party,Canadians' Choice Party
pty_379e571993d35c2ea1cc2500ceb0cc6a,elections_ontario,Communist Party of Canada (Ontario),Communist Party of Canada (Ontario)
pty_70d789af8ed85a75bb4364e849099a1f,elections_ontario,Consensus Ontario,Consensus Ontario
pty_9274facfa7065b00a41c6ac25ffdf505,elections_ontario,Cultural Action Party of Ontario,Cultural Action Party of Ontario
pty_8a0f20f3641b53f3b81a9a4f6edcbcee,elections_ontario,FAMILY COALITION PARTY OF ONTARIO,FAMILY COALITION PARTY OF ONTARIO
pty_749dca076b815d3c812a138e869385f8,elections_ontario,Freedom Party of Ontario,Freedom Party of Ontario
pty_f8c21b45103357fca1473b97214b0315,elections_ontario,"Freedom of Choice, Peace & Justice Party","Freedom of Choice, Peace & Justice Party"
pty_a500b4692f695ff081aff4ef475b267e,elections_ontario,Go Vegan,Go Vegan
pty_144c85705dcc59ef9a195b570cd5689f,elections_ontario,Green Party of Ontario,Green Party of Ontario
pty_78f51498f6c4526395aea1c0de4c094d,elections_ontario,NORTHERN ONTARIO HERITAGE PARTY,NORTHERN ONTARIO HERITAGE PARTY
pty_484a679cc0f353eebfefe79110fd9c9e,elections_ontario,New Blue Party of Ontario,New Blue Party of Ontario
pty_82008e4fb4f659149c664f9d4d6e464b,elections_ontario,New Democratic Party of Ontario,New Democratic Party of Ontario
pty_cec2a92440e75436afcbd74a0162d9c0,elections_ontario,None of the Above Direct Democracy Party,None of the Above Direct Democracy Party
pty_114203e7351b59edb1e2c8dcc1d456de,elections_ontario,Ontario Centrist Party,Ontario Centrist Party
pty_8e15c0722af6590fb0bf461b2d664981,elections_ontario,Ontario Liberal Party,Ontario Liberal Party
pty_b1be363525f65485a30cafa4409c41c5,elections_ontario,Ontario Libertarian Party,Ontario Libertarian Party
pty_2cd10aca85f7521d8ca87ea477bc4100,elections_ontario,Ontario Moderate Party,Ontario Moderate Party
pty_af913a069fde56328b500982d7f98bcf,elections_ontario,Ontario Party,Ontario Party
pty_7787c7c3aaec50b18621b633a2b61427,elections_ontario,PARAMOUNT CANADIANS PARTY,PARAMOUNT CANADIANS PARTY
pty_bb334fcf7e17594b966a0bf2f295b526,elections_ontario,PARTY FOR HUMAN RIGHTS IN ONTARIO,PARTY FOR HUMAN RIGHTS IN ONTARIO
pty_beee8d1e2d4e53a0a7766d7006f717a8,elections_ontario,Party for People with Special Needs,Party for People with Special Needs
pty_15debc5be77a5ad1a314fe6cec6f63d5,elections_ontario,Pauper Party of Ontario,Pauper Party of Ontario
pty_ba46b5eb072b5a4991eb60d65444ce28,elections_ontario,People's Party,People's Party
pty_f967731b88605627ad6517d79175534e,elections_ontario,Populist Party Ontario,Populist Party Ontario
pty_2d4a10a48de956399948b001ff822ef7,elections_ontario,Progress Party Ontario,Progress Party Ontario
pty_ac1e2978770751e9a1272e7e0dc6283f,elections_ontario,Progressive Conservative Party of Ontario,Progressive Conservative Party of Ontario
pty_256c8e33d0655c12a5bf68a04a5160fb,elections_ontario,Public Benefit Party of Ontario,Public Benefit Party of Ontario
pty_a4ea2cdbce625761b7bf294b45eeabb3,elections_ontario,SOCIALIST PARTY OF ONTARIO,SOCIALIST PARTY OF ONTARIO
pty_69839ad1725d56ebb42b6e0a7cea720c,elections_ontario,Stop the New Sex-Ed Agenda,Stop the New Sex-Ed Agenda
pty_2f137da491415fa3bf0ccf02a591a209,elections_ontario,THE ONLY PARTY,THE ONLY PARTY
pty_821dd9a571275fb2899760ffdea563ac,elections_ontario,The New People's Choice Party of Ontario,The New People's Choice Party of Ontario
pty_cb697bb18657574d95a4d5d04147e39b,elections_ontario,The People's Political Party,The People's Political Party
pty_b19102283ad05d7cae4958e4c0266392,elections_ontario,Trillium Party of Ontario,Trillium Party of Ontario
