cohort_id,subject_candidacy_id,certified_name,resulting_person_id,luna_report_path,terra_report_path,review_date,review_status,limitations,confirmed_count,held_count,split_count,rejected_count,evidence_urls,primary_rationale
toronto-trustee-2026,can_4b90bb3f92415cbeacd9c49294844657,Rosina Bonavota,,docs/research/trustee-career/2026/can_4b90bb3f92415cbeacd9c49294844657-luna.md,docs/research/trustee-career/2026/can_4b90bb3f92415cbeacd9c49294844657-terra.md,2026-08-27,reviewed_with_limitations,One or more plausible prior occurrences could not be linked with sufficient evidence.,0,4,0,0,https://www.toronto.ca/data/elections/candidate_list/trusteeCandidates_2026.json;https://kscheuer.wordpress.com/2010/05/26/rosina-bonavota-withdraws-ward-15/;https://www.toronto.ca/wp-content/uploads/2017/08/8f72-election-2006-clerksofficialdeclaration.pdf;https://www.toronto.ca/wp-content/uploads/2017/08/9783-election-2010-clerksofficialdeclaration.pdf;https://www.toronto.ca/wp-content/uploads/2017/08/9059-election-2014-clerksofficialdeclarationofresults.pdf;https://www.toronto.ca/wp-content/uploads/2017/08/9021-election-2014-councillor-poll-by-poll-results.pdf;https://www.toronto.ca/wp-content/uploads/2022/10/9085-FinalDeclaration-of-Results-for-the-2022-Toronto-Municipal-Election.pdf;https://elections.ontarioschooltrustees.org/2022Election/Query.aspx?board=Toronto+Catholic+District+School+Board&lang=en,Terra independently reviewed the complete Toronto 2003+ search; its adjudication controls after comparison with Luna. Sol independently re-reviewed every occurrence Terra had held.
toronto-trustee-2026,can_62de67b8b5ec5d119f07221a40f6132a,Renato Fallico,,docs/research/trustee-career/2026/can_62de67b8b5ec5d119f07221a40f6132a-luna.md,docs/research/trustee-career/2026/can_62de67b8b5ec5d119f07221a40f6132a-terra.md,2026-08-27,reviewed_with_limitations,One or more plausible prior occurrences could not be linked with sufficient evidence.,0,1,0,0,https://www.toronto.ca/data/elections/candidate_list/trusteeCandidates_2026.json;https://tcdsbpublishing.escribemeetings.com/FileStream.ashx?DocumentId=32333;https://www.toronto.ca/wp-content/uploads/2022/10/9085-FinalDeclaration-of-Results-for-the-2022-Toronto-Municipal-Election.pdf;https://elections.ontarioschooltrustees.org/2022Election/Query.aspx?board=Toronto+Catholic+District+School+Board&lang=en;https://thelocal.to/ward-10-spadina-fort-york/,Terra independently reviewed the complete Toronto 2003+ search; its adjudication controls after comparison with Luna. Sol independently re-reviewed every occurrence Terra had held.
toronto-trustee-2026,can_3aa1d130e8f3503c941983d9258b7fb9,David Le,per_20c03379c8e55a0d9f0896b492aeabe4,docs/research/trustee-career/2026/can_3aa1d130e8f3503c941983d9258b7fb9-luna.md,docs/research/trustee-career/2026/can_3aa1d130e8f3503c941983d9258b7fb9-terra.md,2026-08-27,reviewed,,0,0,0,0,https://www.toronto.ca/data/elections/candidate_list/trusteeCandidates_2026.json,Terra independently reviewed the complete Toronto 2003+ search; its adjudication controls after comparison with Luna.
toronto-trustee-2026,can_fe42206a6fe95bdeb68178b4e8826d73,Jonathan Santos,per_d4fd43c85f57536d8660289229689293,docs/research/trustee-career/2026/can_fe42206a6fe95bdeb68178b4e8826d73-luna.md,docs/research/trustee-career/2026/can_fe42206a6fe95bdeb68178b4e8826d73-terra.md,2026-08-27,reviewed,,0,0,0,0,https://www.toronto.ca/data/elections/candidate_list/trusteeCandidates_2026.json,Terra independently reviewed the complete Toronto 2003+ search; its adjudication controls after comparison with Luna.
toronto-trustee-2026,can_1161ca93a4615c7698106e70b18a5d53,Dedan Deus,per_5e54b43896845a13823ece555800b50f,docs/research/trustee-career/2026/can_1161ca93a4615c7698106e70b18a5d53-luna.md,docs/research/trustee-career/2026/can_1161ca93a4615c7698106e70b18a5d53-terra.md,2026-08-27,reviewed,,0,0,0,0,https://www.toronto.ca/data/elections/candidate_list/trusteeCandidates_2026.json,Terra independently reviewed the complete Toronto 2003+ search; its adjudication controls after comparison with Luna.
toronto-trustee-2026,can_7aab9acba89353a7a68beeb8345c4884,Angus Grant,,docs/research/trustee-career/2026/can_7aab9acba89353a7a68beeb8345c4884-luna.md,docs/research/trustee-career/2026/can_7aab9acba89353a7a68beeb8345c4884-terra.md,2026-08-27,reviewed_with_limitations,One or more plausible prior occurrences could not be linked with sufficient evidence.,0,1,0,0,https://www.toronto.ca/data/elections/candidate_list/trusteeCandidates_2026.json;https://secure.toronto.ca/EFD/jsf/candidate2018/candidate_campaign_status.xhtml?campaign=15;https://www.ontario.ca/orders-in-council/oc-8552018;https://www.toronto.ca/wp-content/uploads/2018/10/97da-2018clerksofficialdeclarationofresults.pdf,Terra independently reviewed the complete Toronto 2003+ search; its adjudication controls after comparison with Luna. Sol independently re-reviewed every occurrence Terra had held.
toronto-trustee-2026,can_d4c1bd7d367e520b8bbc362ec0f3fc2c,Dameon Halstead,,docs/research/trustee-career/2026/can_d4c1bd7d367e520b8bbc362ec0f3fc2c-luna.md,docs/research/trustee-career/2026/can_d4c1bd7d367e520b8bbc362ec0f3fc2c-terra.md,2026-08-27,reviewed_with_limitations,One or more plausible prior occurrences could not be linked with sufficient evidence.,0,1,0,0,https://www.toronto.ca/data/elections/candidate_list/trusteeCandidates_2026.json;https://dameonhalstead.ca/donate/;https://secure.toronto.ca/EFD/jsf/candidate2018/candidate_campaign_status.xhtml?campaign=15;https://www.campaignlifecoalition.com/voting-records/view/level/councillor/province/on/id/15486/name/dameon-halstead;https://www.toronto.ca/wp-content/uploads/2018/10/97da-2018clerksofficialdeclarationofresults.pdf,Terra independently reviewed the complete Toronto 2003+ search; its adjudication controls after comparison with Luna. Sol independently re-reviewed every occurrence Terra had held.
toronto-trustee-2026,can_bb43967e9b9856a8a1afd8e3e33a0aab,Curtis Jack,per_b0f8c851c92c556b819e6d4041e70f89,docs/research/trustee-career/2026/can_bb43967e9b9856a8a1afd8e3e33a0aab-luna.md,docs/research/trustee-career/2026/can_bb43967e9b9856a8a1afd8e3e33a0aab-terra.md,2026-08-27,reviewed,,0,0,0,0,https://www.toronto.ca/data/elections/candidate_list/trusteeCandidates_2026.json;https://thelocal.to/tdsb-catholic-school-board-trustee-election-2026/,Terra independently reviewed the complete Toronto 2003+ search; its adjudication controls after comparison with Luna.
toronto-trustee-2026,can_c653fe3a72c05a0caeb56eee3eb8fd12,Abdul Azeem Mohammed,per_cd708cc70d2157b489bebcd8d795de01,docs/research/trustee-career/2026/can_c653fe3a72c05a0caeb56eee3eb8fd12-luna.md,docs/research/trustee-career/2026/can_c653fe3a72c05a0caeb56eee3eb8fd12-terra.md,2026-08-27,reviewed,,0,0,0,0,https://www.toronto.ca/data/elections/candidate_list/trusteeCandidates_2026.json;https://www.tdsb.on.ca/Portals/0/CommitteesMeetings/47414/2024-11-19/PIAC%20Membership%20WG%20Report%202024_11_19%20Amd.pdf,Terra independently reviewed the complete Toronto 2003+ search; its adjudication controls after comparison with Luna.
toronto-trustee-2026,can_4eae390042ec54b1ac198df07635ab16,Ravicha Ravinthiran,per_d2a670d7a1285943a20b7ad9e866f278,docs/research/trustee-career/2026/can_4eae390042ec54b1ac198df07635ab16-luna.md,docs/research/trustee-career/2026/can_4eae390042ec54b1ac198df07635ab16-terra.md,2026-08-27,reviewed,,0,0,0,0,https://www.toronto.ca/data/elections/candidate_list/trusteeCandidates_2026.json;https://utsc.utoronto.ca/news-events/news/bruce-kidd-and-alumna-honoured-stars-scarborough-walk-fame;https://www.tpma.ca/volunteer-spotlight/ravicha-ravinthiran,Terra independently reviewed the complete Toronto 2003+ search; its adjudication controls after comparison with Luna.
toronto-trustee-2026,can_980559d390bb5a989f597daa3a932014,Stacey Cline,per_1746d5ad37245cee960b86ef19a17377,docs/research/trustee-career/2026/can_980559d390bb5a989f597daa3a932014-luna.md,docs/research/trustee-career/2026/can_980559d390bb5a989f597daa3a932014-terra.md,2026-08-27,reviewed,,1,0,0,0,https://www.toronto.ca/data/elections/candidate_list/trusteeCandidates_2026.json;https://www.tdsb.on.ca/Media/ctl/Details/mid/45105/itemId/442/20250318164153;https://staceycline.ca/;https://www.toronto.ca/wp-content/uploads/2025/03/8d4b-Declaration-of-Results-Trustee-TDSB-Ward-11-By-Election.pdf,Terra independently reviewed the complete Toronto 2003+ search and confirmed 1 prior occurrence(s); its adjudication controls after comparison with Luna.
toronto-trustee-2026,can_caef49e28ab35c5fb3a3711fd31a5bbe,Saherla Osman,per_769ae064e1ca5bbca67965da0560c048,docs/research/trustee-career/2026/can_caef49e28ab35c5fb3a3711fd31a5bbe-luna.md,docs/research/trustee-career/2026/can_caef49e28ab35c5fb3a3711fd31a5bbe-terra.md,2026-08-27,reviewed,,0,0,0,0,https://www.toronto.ca/data/elections/candidate_list/trusteeCandidates_2026.json;https://www.smilecan.org/about-us,Terra independently reviewed the complete Toronto 2003+ search; its adjudication controls after comparison with Luna.
toronto-trustee-2026,can_b6cae47cada7527bbcbba6257c5ae67e,Sarah Smithies,per_311f804e0080520a9dce6ab5ccff78a4,docs/research/trustee-career/2026/can_b6cae47cada7527bbcbba6257c5ae67e-luna.md,docs/research/trustee-career/2026/can_b6cae47cada7527bbcbba6257c5ae67e-terra.md,2026-08-27,reviewed,,0,0,0,0,https://www.toronto.ca/data/elections/candidate_list/trusteeCandidates_2026.json;https://pvonline.ca/2026/08/26/sarah-smithies-running-for-toronto-school-trustee-as-ford-government-attacks-local-democracy/,Terra independently reviewed the complete Toronto 2003+ search; its adjudication controls after comparison with Luna.
toronto-trustee-2026,can_b224bbdcb6f75bf9ab2e818f00be2435,John Vassal,,docs/research/trustee-career/2026/can_b224bbdcb6f75bf9ab2e818f00be2435-luna.md,docs/research/trustee-career/2026/can_b224bbdcb6f75bf9ab2e818f00be2435-terra.md,2026-08-27,reviewed_with_limitations,One or more plausible prior occurrences could not be linked with sufficient evidence.,0,4,0,0,https://www.toronto.ca/data/elections/candidate_list/trusteeCandidates_2026.json;https://www.toronto.ca/wp-content/uploads/2017/08/9783-election-2010-clerksofficialdeclaration.pdf;https://www.toronto.ca/wp-content/uploads/2017/08/9059-election-2014-clerksofficialdeclarationofresults.pdf;https://www.toronto.ca/wp-content/uploads/2018/10/97da-2018clerksofficialdeclarationofresults.pdf;https://www.toronto.ca/wp-content/uploads/2022/10/9085-FinalDeclaration-of-Results-for-the-2022-Toronto-Municipal-Election.pdf,Terra independently reviewed the complete Toronto 2003+ search; its adjudication controls after comparison with Luna. Sol independently re-reviewed every occurrence Terra had held.
toronto-trustee-2026,can_7a668b3b98d35daa915ae28fc4204ae2,Malik Ahmad,,docs/research/trustee-career/2026/can_7a668b3b98d35daa915ae28fc4204ae2-luna.md,docs/research/trustee-career/2026/can_7a668b3b98d35daa915ae28fc4204ae2-terra.md,2026-08-27,reviewed_with_limitations,One or more plausible prior occurrences could not be linked with sufficient evidence.,0,3,0,0,https://www.toronto.ca/data/elections/candidate_list/trusteeCandidates_2026.json;https://thelocal.to/scarborough-southwest-by-election-candidates-2023-city-council/;https://www.toronto.ca/wp-content/uploads/2017/08/9783-election-2010-clerksofficialdeclaration.pdf;https://www.toronto.ca/wp-content/uploads/2022/10/9085-FinalDeclaration-of-Results-for-the-2022-Toronto-Municipal-Election.pdf;https://www.toronto.ca/wp-content/uploads/2023/12/94c0-Declaration-of-Results-for-the-Councillor-Ward-20-ByElection-Final.pdf,Terra independently reviewed the complete Toronto 2003+ search; its adjudication controls after comparison with Luna. Sol independently re-reviewed every occurrence Terra had held.
toronto-trustee-2026,can_3fd9bf5aab3652fc8710e2fb9b72e168,Azim Dewan,,docs/research/trustee-career/2026/can_3fd9bf5aab3652fc8710e2fb9b72e168-luna.md,docs/research/trustee-career/2026/can_3fd9bf5aab3652fc8710e2fb9b72e168-terra.md,2026-08-27,reviewed_with_limitations,One or more plausible prior occurrences could not be linked with sufficient evidence.,0,1,0,0,https://www.toronto.ca/data/elections/candidate_list/trusteeCandidates_2026.json;https://elections.ontarioschooltrustees.org/ResourceToolKit/2014ElectionResults/Query.aspx?board=Toronto+District+School+Board&lang=en;https://www.birchcliffnews.com/trustee-moyer-on-defensive/;https://www.toronto.ca/wp-content/uploads/2017/08/9059-election-2014-clerksofficialdeclarationofresults.pdf,Terra independently reviewed the complete Toronto 2003+ search; its adjudication controls after comparison with Luna. Sol independently re-reviewed every occurrence Terra had held.
toronto-trustee-2026,can_8076abf4a10552f8bb04fa484ec74c3d,Karen Emerson,per_6cc973f9489458b4880cfb3a86e143ec,docs/research/trustee-career/2026/can_8076abf4a10552f8bb04fa484ec74c3d-luna.md,docs/research/trustee-career/2026/can_8076abf4a10552f8bb04fa484ec74c3d-terra.md,2026-08-27,reviewed,,0,0,0,0,https://www.toronto.ca/data/elections/candidate_list/trusteeCandidates_2026.json,Terra independently reviewed the complete Toronto 2003+ search; its adjudication controls after comparison with Luna.
toronto-trustee-2026,can_2c8f5a36cc6057549899360a49a4182a,Ahnaaf Hassan,per_5749a32fa0a05498aa34ae5071f37f1c,docs/research/trustee-career/2026/can_2c8f5a36cc6057549899360a49a4182a-luna.md,docs/research/trustee-career/2026/can_2c8f5a36cc6057549899360a49a4182a-terra.md,2026-08-27,reviewed,,0,0,0,0,https://www.toronto.ca/data/elections/candidate_list/trusteeCandidates_2026.json;https://www.tdsb.on.ca/home/ctl/Details/mid/43823/itemId/434/20250228102117,Terra independently reviewed the complete Toronto 2003+ search; its adjudication controls after comparison with Luna.
toronto-trustee-2026,can_f522f78a24de5f9195043e5091a4906e,Md Sazibul Islam,per_e2207d758b4b5d44bfd82a9b7c6397a2,docs/research/trustee-career/2026/can_f522f78a24de5f9195043e5091a4906e-luna.md,docs/research/trustee-career/2026/can_f522f78a24de5f9195043e5091a4906e-terra.md,2026-08-27,reviewed,,0,0,0,0,https://www.toronto.ca/data/elections/candidate_list/trusteeCandidates_2026.json,Terra independently reviewed the complete Toronto 2003+ search; its adjudication controls after comparison with Luna.
toronto-trustee-2026,can_860f8fe35a785ef1b8adc09927d517da,Glenn Kremp,per_9bab7131b4ce5537801259275f1ffdc5,docs/research/trustee-career/2026/can_860f8fe35a785ef1b8adc09927d517da-luna.md,docs/research/trustee-career/2026/can_860f8fe35a785ef1b8adc09927d517da-terra.md,2026-08-27,reviewed,,0,0,0,0,https://www.toronto.ca/data/elections/candidate_list/trusteeCandidates_2026.json;https://schoolweb.tdsb.on.ca/birchcliff/School-Advisory-Council-SAC,Terra independently reviewed the complete Toronto 2003+ search; its adjudication controls after comparison with Luna.
toronto-trustee-2026,can_f45567e7c92656f88222bb24d854e9a9,Shawn Li,per_88e4fbe8e92f55329b7b2f5b1d978e42,docs/research/trustee-career/2026/can_f45567e7c92656f88222bb24d854e9a9-luna.md,docs/research/trustee-career/2026/can_f45567e7c92656f88222bb24d854e9a9-terra.md,2026-08-27,reviewed,,0,0,0,0,https://www.toronto.ca/data/elections/candidate_list/trusteeCandidates_2026.json,Terra independently reviewed the complete Toronto 2003+ search; its adjudication controls after comparison with Luna.
toronto-trustee-2026,can_990783c8b1b75211892caa7a4326511e,Jocelyne Poirier,,docs/research/trustee-career/2026/can_990783c8b1b75211892caa7a4326511e-luna.md,docs/research/trustee-career/2026/can_990783c8b1b75211892caa7a4326511e-terra.md,2026-08-27,reviewed_with_limitations,One or more plausible prior occurrences could not be linked with sufficient evidence.,0,1,0,0,https://www.toronto.ca/data/elections/candidate_list/trusteeCandidates_2026.json;https://www.elections.ca/Scripts/vis/Candidates?ED=35007&EV=99&EV_TYPE=6&L=e&PAGEID=17&PROV=QC&QID=-1;https://www.elections.ca/Scripts/vis/PastResults?ED=35007&EV=65&EV_TYPE=6&L=e&PAGEID=28&PROV=ON&QID=-1;https://beachmetro.com/2025/04/15/federal-election-beaches-east-york-conservative-candidate-jocelyne-poirier-answers-our-questions/,Terra independently reviewed the complete Toronto 2003+ search; its adjudication controls after comparison with Luna. Sol independently re-reviewed every occurrence Terra had held.
toronto-trustee-2026,can_5f7f158aef535d02960dc4c058b3359a,Marisa Sterling,,docs/research/trustee-career/2026/can_5f7f158aef535d02960dc4c058b3359a-luna.md,docs/research/trustee-career/2026/can_5f7f158aef535d02960dc4c058b3359a-terra.md,2026-08-27,reviewed_with_limitations,One or more plausible prior occurrences could not be linked with sufficient evidence.,0,1,0,0,https://www.toronto.ca/data/elections/candidate_list/trusteeCandidates_2026.json;https://www.peo.on.ca/about-peo/council/2019-2020-council/marisa-sterling-peng-fec;https://results.elections.on.ca/api/report-groups/3/report-outputs/499/csv,Terra independently reviewed the complete Toronto 2003+ search; its adjudication controls after comparison with Luna. Sol independently re-reviewed every occurrence Terra had held.
toronto-trustee-2026,can_0bec302f9a5656f68d9317faf79bd81c,Frank D'Amico,per_560f8e733f03582da9f59904430cc506,docs/research/trustee-career/2026/can_0bec302f9a5656f68d9317faf79bd81c-luna.md,docs/research/trustee-career/2026/can_0bec302f9a5656f68d9317faf79bd81c-terra.md,2026-08-27,reviewed,,5,0,0,1,https://www.toronto.ca/wp-content/uploads/2026/08/8ed9-2026-Declaration-of-Acclamation.pdf;https://www.tcdsb.org/page/board-of-trustees;https://thelocal.to/toronto-mayor-candidates-2023/;https://ckan0.cf.opendata.inter.prod-toronto.ca/dataset/96d35404-44d9-49d8-95bb-fb1e5489240d/resource/1ed53c9d-a316-465e-96ce-e72be74f8aa9/download/2003-results.zip;https://www.toronto.ca/wp-content/uploads/2017/08/9783-election-2010-clerksofficialdeclaration.pdf;https://www.toronto.ca/wp-content/uploads/2018/10/97da-2018clerksofficialdeclarationofresults.pdf,Terra independently reviewed the complete Toronto 2003+ search and confirmed 5 prior occurrence(s); its adjudication controls after comparison with Luna.
toronto-trustee-2026,can_be841f8d506757cfb0c1b93dd102e85f,Geneviève Oger,per_6565a5b11fc255299b2d7ddd744ad643,docs/research/trustee-career/2026/can_be841f8d506757cfb0c1b93dd102e85f-luna.md,docs/research/trustee-career/2026/can_be841f8d506757cfb0c1b93dd102e85f-terra.md,2026-08-27,reviewed,,2,0,0,0,https://www.toronto.ca/wp-content/uploads/2026/08/8ed9-2026-Declaration-of-Acclamation.pdf;https://viamonde-website.preprod.unimatrix.lbo.qa/viamonde/gouvernance/membres;https://csv.genevieveoger.com/2025/12/29/lettre-de-fin-dannee-2025-de-votre-conseillere-scolaire-ouest-de-toronto/;https://ckan0.cf.opendata.inter.prod-toronto.ca/dataset/96d35404-44d9-49d8-95bb-fb1e5489240d/resource/2fcd5f20-90f5-4dd0-88eb-22e978b9bf89/download/2018-results.zip;https://www.toronto.ca/wp-content/uploads/2022/08/8e0d-Declaration-of-Acclamation.pdf,Terra independently reviewed the complete Toronto 2003+ search and confirmed 2 prior occurrence(s); its adjudication controls after comparison with Luna.
toronto-trustee-2026,can_dd2201161043523fa07a932b7990349a,Sara Concordia,per_c13ac5915f01555b82e9e978d415e719,docs/research/trustee-career/2026/can_dd2201161043523fa07a932b7990349a-luna.md,docs/research/trustee-career/2026/can_dd2201161043523fa07a932b7990349a-terra.md,2026-08-27,reviewed,,0,0,0,0,https://www.toronto.ca/data/elections/candidate_list/trusteeCandidates_2026.json,Terra independently reviewed the complete Toronto 2003+ search; its adjudication controls after comparison with Luna.
toronto-trustee-2026,can_b9b5b55f5f265132afd62fd721c56705,Markus de Domenico,per_708b2db06a7a5192842e697cc167a88b,docs/research/trustee-career/2026/can_b9b5b55f5f265132afd62fd721c56705-luna.md,docs/research/trustee-career/2026/can_b9b5b55f5f265132afd62fd721c56705-terra.md,2026-08-27,reviewed,,2,0,0,0,https://www.toronto.ca/data/elections/candidate_list/trusteeCandidates_2026.json;https://www.tcdsb.org/article/1883692;https://www.toronto.ca/wp-content/uploads/2018/10/97da-2018clerksofficialdeclarationofresults.pdf;https://www.toronto.ca/wp-content/uploads/2022/10/9085-FinalDeclaration-of-Results-for-the-2022-Toronto-Municipal-Election.pdf,Terra independently reviewed the complete Toronto 2003+ search and confirmed 2 prior occurrence(s); its adjudication controls after comparison with Luna.
toronto-trustee-2026,can_c43ef763892b58168e61705d887e1c97,Ida Li Preti,per_4fd87e6b870e500d92009bb5ce7af7c1,docs/research/trustee-career/2026/can_c43ef763892b58168e61705d887e1c97-luna.md,docs/research/trustee-career/2026/can_c43ef763892b58168e61705d887e1c97-terra.md,2026-08-27,reviewed,,3,0,0,0,https://www.toronto.ca/data/elections/candidate_list/trusteeCandidates_2026.json;https://www.toronto.ca/legdocs/mmis/2023/ca/bgrd/backgroundfile-230612.pdf;https://assets.tcdsb.org/TCDSB/5771356/tcdsb-budget-estimates-report-2025-2026.pdf;https://ckan0.cf.opendata.inter.prod-toronto.ca/dataset/96d35404-44d9-49d8-95bb-fb1e5489240d/resource/2fcd5f20-90f5-4dd0-88eb-22e978b9bf89/download/2018-results.zip;https://www.elections.on.ca/content/dam/NGW/sitecontent/2022/results/Vote%20Totals%20From%20Official%20Tabulation%20-%20Humber%20River%E2%80%94Black%20Creek%20041.pdf;https://ckan0.cf.opendata.inter.prod-toronto.ca/dataset/96d35404-44d9-49d8-95bb-fb1e5489240d/resource/3ad371de-7c51-45d3-9ea4-0b4efac5fc2b/download/2022-results.zip;https://ontarioliberal.ca/humber-river-black-creek-nomination/;https://thelocal.to/ward-7-humber-river-black-creek/,Terra independently reviewed the complete Toronto 2003+ search and confirmed 3 prior occurrence(s); its adjudication controls after comparison with Luna. Sol independently re-reviewed every occurrence Terra had held.
toronto-trustee-2026,can_2975279df8ce5342b8cf405d186453ca,Susel Munoz Plasencia,per_8fb70544db8b5c37aacad9ea906ac6c3,docs/research/trustee-career/2026/can_2975279df8ce5342b8cf405d186453ca-luna.md,docs/research/trustee-career/2026/can_2975279df8ce5342b8cf405d186453ca-terra.md,2026-08-27,reviewed,,0,0,0,0,https://www.toronto.ca/data/elections/candidate_list/trusteeCandidates_2026.json,Terra independently reviewed the complete Toronto 2003+ search; its adjudication controls after comparison with Luna.
toronto-trustee-2026,can_0f374e3c7faf50efad35d99d3ded7c81,Axel Arvizu,,docs/research/trustee-career/2026/can_0f374e3c7faf50efad35d99d3ded7c81-luna.md,docs/research/trustee-career/2026/can_0f374e3c7faf50efad35d99d3ded7c81-terra.md,2026-08-27,reviewed_with_limitations,One or more plausible prior occurrences could not be linked with sufficient evidence.,0,1,0,0,https://www.toronto.ca/data/elections/candidate_list/trusteeCandidates_2026.json;https://canada-info.ca/en/toronto-votes-2022-entrepreneur-axel-arvizu-joins-the-ward-11-race/;https://www.toronto.ca/wp-content/uploads/2022/10/9085-FinalDeclaration-of-Results-for-the-2022-Toronto-Municipal-Election.pdf;https://axelarvizu5.wixsite.com/axelarvizu,Terra independently reviewed the complete Toronto 2003+ search; its adjudication controls after comparison with Luna. Sol independently re-reviewed every occurrence Terra had held.
toronto-trustee-2026,can_01172eb55cf256048374d94ac7781410,Gladstone Cherrington,per_76ceb4bd77eb5da7837ab422228e4680,docs/research/trustee-career/2026/can_01172eb55cf256048374d94ac7781410-luna.md,docs/research/trustee-career/2026/can_01172eb55cf256048374d94ac7781410-terra.md,2026-08-27,reviewed,,0,0,0,0,https://www.toronto.ca/data/elections/candidate_list/trusteeCandidates_2026.json;https://www.fask.ca/candidate/gladstone-cherrington-trustee-3-11,Terra independently reviewed the complete Toronto 2003+ search; its adjudication controls after comparison with Luna.
toronto-trustee-2026,can_ebe410d080165a28b82f117b6af06140,Adam Golding,per_5d9b1cbc232752a6a673870fddc99816,docs/research/trustee-career/2026/can_ebe410d080165a28b82f117b6af06140-luna.md,docs/research/trustee-career/2026/can_ebe410d080165a28b82f117b6af06140-terra.md,2026-08-27,reviewed,,3,0,0,0,https://nsscouncil.com/wp-content/uploads/2025/01/Adam-Golding-Responses.pdf;https://www.toronto.ca/data/elections/candidate_list/trusteeCandidates_2026.json;https://www.toronto.ca/wp-content/uploads/2022/10/9085-FinalDeclaration-of-Results-for-the-2022-Toronto-Municipal-Election.pdf;https://www.tdsb.on.ca/Leadership/Agendas-Minutes-Decisions/Type/M/Year/2025?Filename=250416.pdf;https://www.elections.ca/Scripts/vis/PastResults?ED=35112&EV=99&EV_TYPE=6&L=e&MAPID=35052&PAGEID=28&QID=-1;https://adamgolding.ca/;https://en.wikipedia.org/wiki/By-elections_to_the_45th_Canadian_Parliament,Terra independently reviewed the complete Toronto 2003+ search and confirmed 3 prior occurrence(s); its adjudication controls after comparison with Luna. Sol independently re-reviewed every occurrence Terra had held.
toronto-trustee-2026,can_ea87f678374751f0983b5f6848ce6b59,Tasha Kheiriddin,per_b736edeec5c8510383cd04ff43bac257,docs/research/trustee-career/2026/can_ea87f678374751f0983b5f6848ce6b59-luna.md,docs/research/trustee-career/2026/can_ea87f678374751f0983b5f6848ce6b59-terra.md,2026-08-27,reviewed,,0,0,0,0,https://www.votetasha.ca/about;https://pub-tdsb.escribemeetings.com/filestream.ashx?DocumentId=17713;https://www.toronto.ca/legdocs/2005/agendas/council/cc050221/pof3rpt/cl001.pdf;https://www.toronto.ca/data/elections/candidate_list/trusteeCandidates_2026.json,Terra independently reviewed the complete Toronto 2003+ search; its adjudication controls after comparison with Luna.
toronto-trustee-2026,can_76567c8edf995fafadd960dfba8bfc6a,Nasir Mohammad,per_97b70f56576e528697f539ab3d083a9f,docs/research/trustee-career/2026/can_76567c8edf995fafadd960dfba8bfc6a-luna.md,docs/research/trustee-career/2026/can_76567c8edf995fafadd960dfba8bfc6a-terra.md,2026-08-27,reviewed,,0,0,0,0,https://www.toronto.ca/data/elections/candidate_list/trusteeCandidates_2026.json,Terra independently reviewed the complete Toronto 2003+ search; its adjudication controls after comparison with Luna.
toronto-trustee-2026,can_3f03082b897b5f678b63116eaa7b9871,Shaffni Nalir,per_14068f8b7b7e5df097881049c65b40b6,docs/research/trustee-career/2026/can_3f03082b897b5f678b63116eaa7b9871-luna.md,docs/research/trustee-career/2026/can_3f03082b897b5f678b63116eaa7b9871-terra.md,2026-08-27,reviewed,,0,0,0,0,https://publications.gc.ca/collections/collection_2024/parl/xc66-1/XC66-1-2-441-107-eng.pdf;https://www.toronto.ca/data/elections/candidate_list/trusteeCandidates_2026.json,Terra independently reviewed the complete Toronto 2003+ search; its adjudication controls after comparison with Luna.
toronto-trustee-2026,can_9d5866ae07e957428f16ad530a1999a4,Theo Nazary,per_2dc5c0d376c45fa399f3a497f8d5606a,docs/research/trustee-career/2026/can_9d5866ae07e957428f16ad530a1999a4-luna.md,docs/research/trustee-career/2026/can_9d5866ae07e957428f16ad530a1999a4-terra.md,2026-08-27,reviewed,,0,0,0,0,https://www.torontomu.ca/jack-layton-chair/Collaborators/;https://secure.toronto.ca/council/agenda-item.do?item=2017.AA10.4;https://www.toronto.ca/data/elections/candidate_list/trusteeCandidates_2026.json,Terra independently reviewed the complete Toronto 2003+ search; its adjudication controls after comparison with Luna.
toronto-trustee-2026,can_eaaf331141da5743a5e9fe87cbfc73e4,Deborah Williams,per_cfcdf6426cf35730a107cfb957785eff,docs/research/trustee-career/2026/can_eaaf331141da5743a5e9fe87cbfc73e4-luna.md,docs/research/trustee-career/2026/can_eaaf331141da5743a5e9fe87cbfc73e4-terra.md,2026-08-27,reviewed,,1,0,0,0,https://elections.ontarioschooltrustees.org/2022Election/Query.aspx?board=Toronto+District+School+Board&lang=en;https://www.tdsb.on.ca/About-Us/Strategy-Planning/Search-All-Reviews/id/179;https://tdsbwwwtst.tdsb.on.ca/Find-your/Schools/schno/5271;https://www.toronto.ca/wp-content/uploads/2022/10/9085-FinalDeclaration-of-Results-for-the-2022-Toronto-Municipal-Election.pdf;https://www.toronto.ca/data/elections/candidate_list/trusteeCandidates_2026.json,Terra independently reviewed the complete Toronto 2003+ search and confirmed 1 prior occurrence(s); its adjudication controls after comparison with Luna.
toronto-trustee-2026,can_e42ba466410057ac951b8a14440c49c6,Maria Borreca,per_5124028b1b8e5ca19750424dbddbfb69,docs/research/trustee-career/2026/can_e42ba466410057ac951b8a14440c49c6-luna.md,docs/research/trustee-career/2026/can_e42ba466410057ac951b8a14440c49c6-terra.md,2026-08-27,reviewed,,0,0,0,0,https://tcdsbpublishing.escribemeetings.com/filestream.ashx?DocumentId=16810;https://assets.tcdsb.org/holyangels/4941310/meeting-minutes-sept-25-2024.pdf;https://www.toronto.ca/data/elections/candidate_list/trusteeCandidates_2026.json,Terra independently reviewed the complete Toronto 2003+ search; its adjudication controls after comparison with Luna.
toronto-trustee-2026,can_4b9c0c3975265308b0e050b612a05da2,Peter Fracassi,per_827dfbbda6c25a57a8de7b4f80cb870a,docs/research/trustee-career/2026/can_4b9c0c3975265308b0e050b612a05da2-luna.md,docs/research/trustee-career/2026/can_4b9c0c3975265308b0e050b612a05da2-terra.md,2026-08-27,reviewed,,0,0,0,0,https://www.toronto.ca/data/elections/candidate_list/trusteeCandidates_2026.json;https://elections.eastgwillimbury.ca/media/321jcuw5/town-of-east-gwillimbury-2022-election-results.pdf,Terra independently reviewed the complete Toronto 2003+ search; its adjudication controls after comparison with Luna.
toronto-trustee-2026,can_e51ffe35a51f5794b51c81ab5ad77cbc,Teresa Lubinski,per_0277eb81ad4d5dc7a2bc6e55e4756875,docs/research/trustee-career/2026/can_e51ffe35a51f5794b51c81ab5ad77cbc-luna.md,docs/research/trustee-career/2026/can_e51ffe35a51f5794b51c81ab5ad77cbc-terra.md,2026-08-27,reviewed,,2,0,0,0,https://www.tcdsb.org/page/ward-4-parkdale-high-park-etobicoke-lakeshore;https://assets.tcdsb.org/TCDSB/5860387/ward-4-june-2025-newsletter.pdf;https://assets.tcdsb.org/nurturingourcatholiccommunity/2376050/faith-talk-digital-scrapbook.pdf;https://www.toronto.ca/wp-content/uploads/2018/10/97da-2018clerksofficialdeclarationofresults.pdf;https://www.toronto.ca/wp-content/uploads/2022/10/9085-FinalDeclaration-of-Results-for-the-2022-Toronto-Municipal-Election.pdf;https://www.toronto.ca/data/elections/candidate_list/trusteeCandidates_2026.json,Terra independently reviewed the complete Toronto 2003+ search and confirmed 2 prior occurrence(s); its adjudication controls after comparison with Luna.
toronto-trustee-2026,can_333b58acfcd252b9b730bdee59c14909,Safiya Ansari,per_ca052c2f0bd9559f94fd70dcec007cff,docs/research/trustee-career/2026/can_333b58acfcd252b9b730bdee59c14909-luna.md,docs/research/trustee-career/2026/can_333b58acfcd252b9b730bdee59c14909-terra.md,2026-08-27,reviewed,,0,0,0,0,https://www.toronto.ca/data/elections/candidate_list/trusteeCandidates_2026.json;https://ca.linkedin.com/in/safiya-ansari-6a9263295,Terra independently reviewed the complete Toronto 2003+ search; its adjudication controls after comparison with Luna.
toronto-trustee-2026,can_607efb391571594e977ad02672037327,Darren Frake,,docs/research/trustee-career/2026/can_607efb391571594e977ad02672037327-luna.md,docs/research/trustee-career/2026/can_607efb391571594e977ad02672037327-terra.md,2026-08-27,reviewed_with_limitations,One or more plausible prior occurrences could not be linked with sufficient evidence.,0,1,0,0,https://thelocal.to/ward-22-scarborough-agincourt/;https://www.toronto.ca/data/elections/candidate_list/trusteeCandidates_2026.json;https://elections.ontarioschooltrustees.org/2022Election/Query.aspx?board=Toronto+District+School+Board&lang=en;https://ckan0.cf.opendata.inter.prod-toronto.ca/dataset/96d35404-44d9-49d8-95bb-fb1e5489240d/resource/3ad371de-7c51-45d3-9ea4-0b4efac5fc2b/download/2022-results.zip,Terra independently reviewed the complete Toronto 2003+ search; its adjudication controls after comparison with Luna. Sol independently re-reviewed every occurrence Terra had held.
toronto-trustee-2026,can_7b4b0ea086df596fbb7d773fc59d64ef,Aria Garcia,per_81d5689e16db5b7da90c275c5fe99914,docs/research/trustee-career/2026/can_7b4b0ea086df596fbb7d773fc59d64ef-luna.md,docs/research/trustee-career/2026/can_7b4b0ea086df596fbb7d773fc59d64ef-terra.md,2026-08-27,reviewed,,0,0,0,0,https://www.toronto.ca/data/elections/candidate_list/trusteeCandidates_2026.json,Terra independently reviewed the complete Toronto 2003+ search; its adjudication controls after comparison with Luna.
toronto-trustee-2026,can_5b869f11c2e7501e8360fe5110cb4c1e,Gary McBean,,docs/research/trustee-career/2026/can_5b869f11c2e7501e8360fe5110cb4c1e-luna.md,docs/research/trustee-career/2026/can_5b869f11c2e7501e8360fe5110cb4c1e-terra.md,2026-08-27,reviewed_with_limitations,One or more plausible prior occurrences could not be linked with sufficient evidence.,0,1,0,0,https://www.toronto.ca/data/elections/candidate_list/trusteeCandidates_2026.json;https://www.toronto.ca/wp-content/uploads/2017/08/9059-election-2014-clerksofficialdeclarationofresults.pdf,Terra independently reviewed the complete Toronto 2003+ search; its adjudication controls after comparison with Luna. Sol independently re-reviewed every occurrence Terra had held.
toronto-trustee-2026,can_57ef18de278e5abdabf014c172641e96,Vimuththan Nantheeswarar,per_062d25cea042519c952735824b040b36,docs/research/trustee-career/2026/can_57ef18de278e5abdabf014c172641e96-luna.md,docs/research/trustee-career/2026/can_57ef18de278e5abdabf014c172641e96-terra.md,2026-08-27,reviewed,,0,0,0,0,https://www.tdsb.on.ca/Portals/0/CommitteesMeetings/47414/2026-01-27/PIAC%20Membership%20WG%20Report%202026.01.27.pdf;https://www.toronto.ca/data/elections/candidate_list/trusteeCandidates_2026.json,Terra independently reviewed the complete Toronto 2003+ search; its adjudication controls after comparison with Luna.
toronto-trustee-2026,can_e774167e9f6c5178b56326acdfda9279,Ketan Purohit,per_3512f056afe85c658d9d3ddea6a20eca,docs/research/trustee-career/2026/can_e774167e9f6c5178b56326acdfda9279-luna.md,docs/research/trustee-career/2026/can_e774167e9f6c5178b56326acdfda9279-terra.md,2026-08-27,reviewed,,0,0,0,0,https://www.toronto.ca/data/elections/candidate_list/trusteeCandidates_2026.json,Terra independently reviewed the complete Toronto 2003+ search; its adjudication controls after comparison with Luna.
toronto-trustee-2026,can_c9f5d329538656ab8517f5c70c4b6939,Anu Sriskandarajah,per_3c246b205ffd55298633b81a804f8b82,docs/research/trustee-career/2026/can_c9f5d329538656ab8517f5c70c4b6939-luna.md,docs/research/trustee-career/2026/can_c9f5d329538656ab8517f5c70c4b6939-terra.md,2026-08-27,reviewed,,3,0,0,0,https://tdsbwwwtst.tdsb.on.ca/Portals/0/docs/Trustees_2018-2022.pdf;https://secure.toronto.ca/pa/member/5735.do;https://pub-tdsb.escribemeetings.com/Meeting.aspx?Agenda=Agenda&Id=fa9fe8e1-78d3-4b34-bd73-79c77e90b923&lang=English;https://elections.ontarioschooltrustees.org/ResourceToolKit/2018Election/Query.aspx?board=Toronto+District+School+Board&lang=en;https://elections.ontarioschooltrustees.org/2022Election/Query.aspx?board=Toronto+District+School+Board&lang=en;https://www.toronto.ca/wp-content/uploads/2025/09/97f1-Declaration-of-Results-Councillor-Ward-25-By-election.pdf,Terra independently reviewed the complete Toronto 2003+ search and confirmed 3 prior occurrence(s); its adjudication controls after comparison with Luna.
toronto-trustee-2026,can_50bb1753ca4b578ca50b7ae0fc5a3cb1,Sherri Williams,per_008f650ff9bb5b2badf1507ac0d58280,docs/research/trustee-career/2026/can_50bb1753ca4b578ca50b7ae0fc5a3cb1-luna.md,docs/research/trustee-career/2026/can_50bb1753ca4b578ca50b7ae0fc5a3cb1-terra.md,2026-08-27,reviewed_with_limitations,One or more plausible prior occurrences could not be linked with sufficient evidence.,0,1,0,0,https://www.toronto.ca/data/elections/candidate_list/trusteeCandidates_2026.json;https://circlelandtrust.ca/ourteam/;https://www.toronto.ca/wp-content/uploads/2017/08/9059-election-2014-clerksofficialdeclarationofresults.pdf,Terra independently reviewed the complete Toronto 2003+ search; its adjudication controls after comparison with Luna. Sol independently re-reviewed every occurrence Terra had held.
toronto-trustee-2026,can_f06a857d2fc055c8bdcbd1222e6a13ba,Marcia Wilson,per_6eacbd29fe695981b565ae791e9102b6,docs/research/trustee-career/2026/can_f06a857d2fc055c8bdcbd1222e6a13ba-luna.md,docs/research/trustee-career/2026/can_f06a857d2fc055c8bdcbd1222e6a13ba-terra.md,2026-08-27,reviewed,,0,0,0,0,https://www.toronto.ca/data/elections/candidate_list/trusteeCandidates_2026.json,Terra independently reviewed the complete Toronto 2003+ search; its adjudication controls after comparison with Luna.
toronto-trustee-2026,can_00559d83c281555b8fb8ef52039a18c3,Matt Banninga,per_a260196af7e75abc85b6e818c7aa19da,docs/research/trustee-career/2026/can_00559d83c281555b8fb8ef52039a18c3-luna.md,docs/research/trustee-career/2026/can_00559d83c281555b8fb8ef52039a18c3-terra.md,2026-08-27,reviewed,,0,0,0,0,https://www.yorku.ca/unit/gcrp/?p=120;https://www.toronto.ca/data/elections/candidate_list/trusteeCandidates_2026.json,Terra independently reviewed the complete Toronto 2003+ search; its adjudication controls after comparison with Luna.
toronto-trustee-2026,can_30a3b17f2636579aa3e5b4bf92256517,Daniel Choi,per_7bbd5f498ced5b5890498a19391cd363,docs/research/trustee-career/2026/can_30a3b17f2636579aa3e5b4bf92256517-luna.md,docs/research/trustee-career/2026/can_30a3b17f2636579aa3e5b4bf92256517-terra.md,2026-08-27,reviewed,,0,0,0,0,https://www.toronto.ca/data/elections/candidate_list/trusteeCandidates_2026.json;https://www.torontomu.ca/law/faculty-and-research/faculty/instructors/daniel-choi/,Terra independently reviewed the complete Toronto 2003+ search; its adjudication controls after comparison with Luna.
toronto-trustee-2026,can_d1935130d0db55959dd7c5c1988ba9b3,Alexis Dawson,per_f8e87f6e60a5572da5a66143af184f01,docs/research/trustee-career/2026/can_d1935130d0db55959dd7c5c1988ba9b3-luna.md,docs/research/trustee-career/2026/can_d1935130d0db55959dd7c5c1988ba9b3-terra.md,2026-08-27,reviewed,,1,0,0,0,https://www.tdsb.on.ca/About-Us/Strategy-Planning/Search-All-Reviews/id/154;https://pub-tdsb.escribemeetings.com/FileStream.ashx?DocumentId=19358;https://www.toronto.ca/data/elections/candidate_list/trusteeCandidates_2026.json;https://www.toronto.ca/wp-content/uploads/2022/10/9085-FinalDeclaration-of-Results-for-the-2022-Toronto-Municipal-Election.pdf,Terra independently reviewed the complete Toronto 2003+ search and confirmed 1 prior occurrence(s); its adjudication controls after comparison with Luna.
toronto-trustee-2026,can_0fafd29d4a225baf98cecc410765a8c3,Christina Gural,per_e8e209d2b0825e7d9fdde3275a2b3785,docs/research/trustee-career/2026/can_0fafd29d4a225baf98cecc410765a8c3-luna.md,docs/research/trustee-career/2026/can_0fafd29d4a225baf98cecc410765a8c3-terra.md,2026-08-27,reviewed,,0,0,0,0,https://secure.toronto.ca/pa/member/2063.do;https://www.toronto.ca/wp-content/uploads/2022/10/9085-FinalDeclaration-of-Results-for-the-2022-Toronto-Municipal-Election.pdf;https://www.toronto.ca/data/elections/candidate_list/trusteeCandidates_2026.json,Terra independently reviewed the complete Toronto 2003+ search; its adjudication controls after comparison with Luna.
toronto-trustee-2026,can_f26542d736ec5d39ba661dbefd895ea7,Fatin Ishraq,per_e5e9e4995e9e5177890d1fb60f67265c,docs/research/trustee-career/2026/can_f26542d736ec5d39ba661dbefd895ea7-luna.md,docs/research/trustee-career/2026/can_f26542d736ec5d39ba661dbefd895ea7-terra.md,2026-08-27,reviewed,,0,0,0,0,https://www.fatinishraq.com/;https://pnlt.ca/about/team;https://www.toronto.ca/data/elections/candidate_list/trusteeCandidates_2026.json,Terra independently reviewed the complete Toronto 2003+ search; its adjudication controls after comparison with Luna.
toronto-trustee-2026,can_87d3e98df80d51819382dc33965bc920,Justin Mensah,per_463ffadd9a6559b7b3aeeaf2372683d9,docs/research/trustee-career/2026/can_87d3e98df80d51819382dc33965bc920-luna.md,docs/research/trustee-career/2026/can_87d3e98df80d51819382dc33965bc920-terra.md,2026-08-27,reviewed,,0,0,0,0,https://www.toronto.ca/data/elections/candidate_list/trusteeCandidates_2026.json,Terra independently reviewed the complete Toronto 2003+ search; its adjudication controls after comparison with Luna.
toronto-trustee-2026,can_d6ebf240b3f35a67acc9e1ffc80d4ddf,Andrew Waters,per_74720b07b18859e3a62f1b68796a2968,docs/research/trustee-career/2026/can_d6ebf240b3f35a67acc9e1ffc80d4ddf-luna.md,docs/research/trustee-career/2026/can_d6ebf240b3f35a67acc9e1ffc80d4ddf-terra.md,2026-08-27,reviewed_with_limitations,One or more plausible prior occurrences could not be linked with sufficient evidence.,1,1,0,0,https://www.tdsb.on.ca/Leadership/Agendas-Minutes-Decisions/Type/M/Year/2025?Filename=250416.pdf;https://www.tdsb.on.ca/Portals/0/CommitteesMeetings/47414/2025-12-16/PIAC%20Membership%20WG%20Report%202025.12.16%20EA.pdf;https://www.toronto.ca/data/elections/candidate_list/trusteeCandidates_2026.json;https://www.toronto.ca/wp-content/uploads/2017/08/9783-election-2010-clerksofficialdeclaration.pdf;https://www.andrewwaters.ca/;https://nsscouncil.com/wp-content/uploads/2025/02/NSSC-Questions-Andrew-Waters.pdf,Terra independently reviewed the complete Toronto 2003+ search and confirmed 1 prior occurrence(s); its adjudication controls after comparison with Luna. Sol independently re-reviewed every occurrence Terra had held.
toronto-trustee-2026,can_68adaabd04ca53548df0dd7eaf2158c8,Jennifer Webster,per_6e5264a02e435db687e3c35b85f7b8e4,docs/research/trustee-career/2026/can_68adaabd04ca53548df0dd7eaf2158c8-luna.md,docs/research/trustee-career/2026/can_68adaabd04ca53548df0dd7eaf2158c8-terra.md,2026-08-27,reviewed,,0,0,0,0,https://www.toronto.ca/data/elections/candidate_list/trusteeCandidates_2026.json;https://www.torontomu.ca/content/dam/governors/boardmeetings/materials/2023-24/2.%20Non-In%20Camera%20Binder%20-%20June%2027%2C%202024%20Revised%20%282%29.pdf,Terra independently reviewed the complete Toronto 2003+ search; its adjudication controls after comparison with Luna.
toronto-trustee-2026,can_d4ab584a9bbd5256acfef42edaf29d1e,Gianfranco Cristiano,,docs/research/trustee-career/2026/can_d4ab584a9bbd5256acfef42edaf29d1e-luna.md,docs/research/trustee-career/2026/can_d4ab584a9bbd5256acfef42edaf29d1e-terra.md,2026-08-27,reviewed_with_limitations,One or more plausible prior occurrences could not be linked with sufficient evidence.,0,2,0,0,https://www.gianfrancocristiano.com/;https://www.labourcouncil.ca/2022-municipal-election/;https://www.toronto.ca/wp-content/uploads/2018/10/97da-2018clerksofficialdeclarationofresults.pdf;https://www.toronto.ca/wp-content/uploads/2022/10/9085-FinalDeclaration-of-Results-for-the-2022-Toronto-Municipal-Election.pdf;https://thelocal.to/ward-6-york-centre/;https://www.toronto.ca/data/elections/candidate_list/trusteeCandidates_2026.json,Terra independently reviewed the complete Toronto 2003+ search; its adjudication controls after comparison with Luna. Sol independently re-reviewed every occurrence Terra had held.
toronto-trustee-2026,can_bcfeb2fa3b35551290bbd95e4de965b1,Maria Rizzo,per_398a476f8e6a527f9ca5370d45d41886,docs/research/trustee-career/2026/can_bcfeb2fa3b35551290bbd95e4de965b1-luna.md,docs/research/trustee-career/2026/can_bcfeb2fa3b35551290bbd95e4de965b1-terra.md,2026-08-27,reviewed,,6,0,0,0,https://www.tcdsb.org/page/ward-5-north-york;https://www.toronto.ca/data/elections/candidate_list/trusteeCandidates_2026.json;https://www.toronto.ca/city-government/elections/election-results-reports/election-results/general-election-results/,Terra independently reviewed the complete Toronto 2003+ search and confirmed 6 prior occurrence(s); its adjudication controls after comparison with Luna.
toronto-trustee-2026,can_6c24eafe36fc5421b1f20a497568e3b3,Carey De Pass,per_8cd764f7eeba54f1ad373f4813ab33c2,docs/research/trustee-career/2026/can_6c24eafe36fc5421b1f20a497568e3b3-luna.md,docs/research/trustee-career/2026/can_6c24eafe36fc5421b1f20a497568e3b3-terra.md,2026-08-27,reviewed,,0,0,0,0,https://www.toronto.ca/data/elections/candidate_list/trusteeCandidates_2026.json;https://miltonvote.wordpress.com/whos-running/,Terra independently reviewed the complete Toronto 2003+ search; its adjudication controls after comparison with Luna.
toronto-trustee-2026,can_87691f4eaa3b5fad89bc09b6719b79e5,Christopher Mammoliti,per_2d23abe818995711b696fd8b8f2af4ed,docs/research/trustee-career/2026/can_87691f4eaa3b5fad89bc09b6719b79e5-luna.md,docs/research/trustee-career/2026/can_87691f4eaa3b5fad89bc09b6719b79e5-terra.md,2026-08-27,reviewed,,2,0,0,0,https://emeryvillagevoice.ca/Meet-Your-Ward-7-Humber-River---Black-Creek-2022-election-candidates;https://www.toronto.ca/wp-content/uploads/2018/10/97da-2018clerksofficialdeclarationofresults.pdf;https://www.toronto.ca/wp-content/uploads/2022/10/9085-FinalDeclaration-of-Results-for-the-2022-Toronto-Municipal-Election.pdf;https://www.mammolitifortrustee.ca/;https://www.senecapolytechnic.ca/pathways/successbeyond/christopher-mammoliti.html;https://toronto.citynews.ca/2022/08/09/mammoliti-son-toronto-council/,Terra independently reviewed the complete Toronto 2003+ search and confirmed 2 prior occurrence(s); its adjudication controls after comparison with Luna. Sol independently re-reviewed every occurrence Terra had held.
toronto-trustee-2026,can_225459bb53e25835a16c1731cd216699,Bill Wu,,docs/research/trustee-career/2026/can_225459bb53e25835a16c1731cd216699-luna.md,docs/research/trustee-career/2026/can_225459bb53e25835a16c1731cd216699-terra.md,2026-08-27,reviewed_with_limitations,One or more plausible prior occurrences could not be linked with sufficient evidence.,0,1,0,0,https://www.toronto.ca/data/elections/candidate_list/trusteeCandidates_2026.json;https://www.toronto.ca/wp-content/uploads/2022/10/9085-FinalDeclaration-of-Results-for-the-2022-Toronto-Municipal-Election.pdf;https://thelocal.to/ward-22-scarborough-agincourt/;https://toronto-candidates.netlify.app/candidate/bill-wu/,Terra independently reviewed the complete Toronto 2003+ search; its adjudication controls after comparison with Luna. Sol independently re-reviewed every occurrence Terra had held.
toronto-trustee-2026,can_b400c405df765e08a0a6a8644aaa701d,Sonny Yeung,per_dcf81aa9f2785dfe91089150ec4ccddc,docs/research/trustee-career/2026/can_b400c405df765e08a0a6a8644aaa701d-luna.md,docs/research/trustee-career/2026/can_b400c405df765e08a0a6a8644aaa701d-terra.md,2026-08-27,reviewed_with_limitations,One or more plausible prior occurrences could not be linked with sufficient evidence.,8,1,0,0,https://frightlibrary.org/sonny2022/sonny/sonnyindex.htm;https://elections.ontarioschooltrustees.org/ResourceToolKit/2018Election/Query.aspx?board=Toronto+District+School+Board&lang=en;https://www.toronto.ca/wp-content/uploads/2017/08/967f-2012-byelection-tdsb-ward17-ward20-declarationofresults.pdf;https://www.epochtimes.com/b5/12/2/28/n3525091.htm;https://www.epochtimes.com/b5/18/9/5/n10693720.htm,Terra independently reviewed the complete Toronto 2003+ search and confirmed 8 prior occurrence(s); its adjudication controls after comparison with Luna. Sol independently re-reviewed every occurrence Terra had held.
toronto-trustee-2026,can_0977564d534e5317abbd4b3955f27b83,Rosemarie Bryan,per_edcc41390a185b6fab49aaca01070fce,docs/research/trustee-career/2026/can_0977564d534e5317abbd4b3955f27b83-luna.md,docs/research/trustee-career/2026/can_0977564d534e5317abbd4b3955f27b83-terra.md,2026-08-27,reviewed,,0,0,0,0,https://www.toronto.ca/data/elections/candidate_list/trusteeCandidates_2026.json;https://secure.toronto.ca/council/agenda-item.do?item=2022.CC46.1,Terra independently reviewed the complete Toronto 2003+ search; its adjudication controls after comparison with Luna.
toronto-trustee-2026,can_d408d29fb4c353eb9f90086e7df9836c,Antonius Clarke,,docs/research/trustee-career/2026/can_d408d29fb4c353eb9f90086e7df9836c-luna.md,docs/research/trustee-career/2026/can_d408d29fb4c353eb9f90086e7df9836c-terra.md,2026-08-27,reviewed_with_limitations,One or more plausible prior occurrences could not be linked with sufficient evidence.,0,1,0,0,https://www.toronto.ca/city-government/elections/past-election-information/2010-election/;https://www.toronto.ca/data/elections/candidate_list/trusteeCandidates_2026.json,Terra independently reviewed the complete Toronto 2003+ search; its adjudication controls after comparison with Luna. Sol independently re-reviewed every occurrence Terra had held.
toronto-trustee-2026,can_3224e16ce5535e459bc5e4b8f8214aff,Matias de Dovitiis,per_a7d99bd4713856f0b911d07aef6c31ef,docs/research/trustee-career/2026/can_3224e16ce5535e459bc5e4b8f8214aff-luna.md,docs/research/trustee-career/2026/can_3224e16ce5535e459bc5e4b8f8214aff-terra.md,2026-08-27,reviewed,,5,0,0,0,https://www.tdsb.on.ca/Portals/0/docs/2024%20-%2009%20-%20Trustee%20report.pdf;https://www.toronto.ca/data/elections/candidate_list/trusteeCandidates_2026.json;https://elections.ontarioschooltrustees.org/ResourceToolKit/2014ElectionResults/Query.aspx?board=Toronto+District+School+Board&lang=en;https://www.matiasdedovitiis.ca/about;https://elections.ontarioschooltrustees.org/ResourceToolKit/2018Election/Query.aspx?board=Toronto+District+School+Board&lang=en;https://www.toronto.ca/wp-content/uploads/2018/10/97da-2018clerksofficialdeclarationofresults.pdf,Terra independently reviewed the complete Toronto 2003+ search and confirmed 5 prior occurrence(s); its adjudication controls after comparison with Luna. Sol independently re-reviewed every occurrence Terra had held.
toronto-trustee-2026,can_2f91a36290e058ea8f377bacce7ea2ff,Dennis Hastings,per_28aee1cff92751488df840b788c6aebf,docs/research/trustee-career/2026/can_2f91a36290e058ea8f377bacce7ea2ff-luna.md,docs/research/trustee-career/2026/can_2f91a36290e058ea8f377bacce7ea2ff-terra.md,2026-08-27,reviewed,,2,0,0,0,https://elections.ontarioschooltrustees.org/ResourceToolKit/2018Election/Query.aspx?board=Toronto+Catholic+District+School+Board&lang=en;https://www.tdsb.on.ca/About-Us/CEO/Learning-Centre-Model;https://educationactiontoronto.com/articles/tdsbs-new-trustees-what-are-their-views-on-issues/,Terra independently reviewed the complete Toronto 2003+ search and confirmed 2 prior occurrence(s); its adjudication controls after comparison with Luna.
toronto-trustee-2026,can_de9b983c8f4d56819344555bfa37b15f,Amberley Ryan Henry,per_add9588393e452dfa16b41b0b0d5826c,docs/research/trustee-career/2026/can_de9b983c8f4d56819344555bfa37b15f-luna.md,docs/research/trustee-career/2026/can_de9b983c8f4d56819344555bfa37b15f-terra.md,2026-08-27,reviewed,,0,0,0,0,https://www.toronto.ca/data/elections/candidate_list/trusteeCandidates_2026.json,Terra independently reviewed the complete Toronto 2003+ search; its adjudication controls after comparison with Luna.
toronto-trustee-2026,can_01a1f4255c465a66ae1e93b82ef01b63,Lakhan Kang,per_3b8429006cd55d61a82cb684a467ec0c,docs/research/trustee-career/2026/can_01a1f4255c465a66ae1e93b82ef01b63-luna.md,docs/research/trustee-career/2026/can_01a1f4255c465a66ae1e93b82ef01b63-terra.md,2026-08-27,reviewed,,0,0,0,0,https://www.lakhankang.com/about,Terra independently reviewed the complete Toronto 2003+ search; its adjudication controls after comparison with Luna.
toronto-trustee-2026,can_614647480cb456b4acff2b95864b823a,Benoit Fortin,per_71d9ef804ac150c19f85fabaa83a7ada,docs/research/trustee-career/2026/can_614647480cb456b4acff2b95864b823a-luna.md,docs/research/trustee-career/2026/can_614647480cb456b4acff2b95864b823a-terra.md,2026-08-27,reviewed,,2,0,0,0,https://elections.ontarioschooltrustees.org/2022Election/Query.aspx?board=Conseil+scolaire+Viamonde&lang=en;https://www.toronto.ca/wp-content/uploads/2026/08/8ed9-2026-Declaration-of-Acclamation.pdf;https://www.toronto.ca/wp-content/uploads/2022/08/8e0d-Declaration-of-Acclamation.pdf,Terra independently reviewed the complete Toronto 2003+ search and confirmed 2 prior occurrence(s); its adjudication controls after comparison with Luna.
toronto-trustee-2026,can_61fa7af81c8957a0b39ed8104548795f,Jean-François L'Heureux,per_752b7d7461ed56958c2f8873b66356d2,docs/research/trustee-career/2026/can_61fa7af81c8957a0b39ed8104548795f-luna.md,docs/research/trustee-career/2026/can_61fa7af81c8957a0b39ed8104548795f-terra.md,2026-08-27,reviewed,,3,0,0,0,https://www.toronto.ca/data/elections/candidate_list/trusteeCandidates_2026.json;https://collegeboreal.ca/en/actualite/college-boreal-appoints-jean-francois-lheureux-as-director-of-its-toronto-campus/;https://ckan0.cf.opendata.inter.prod-toronto.ca/dataset/96d35404-44d9-49d8-95bb-fb1e5489240d/resource/6fbfaab0-bb84-442a-8e4b-1c14d4c10d6d/download/2010-results.zip;https://www.toronto.ca/wp-content/uploads/2017/08/9757-election-2014-declaration-trustee-ward4.pdf;https://ckan0.cf.opendata.inter.prod-toronto.ca/dataset/96d35404-44d9-49d8-95bb-fb1e5489240d/resource/2fcd5f20-90f5-4dd0-88eb-22e978b9bf89/download/2018-results.zip,Terra independently reviewed the complete Toronto 2003+ search and confirmed 3 prior occurrence(s); its adjudication controls after comparison with Luna.
toronto-trustee-2026,can_f1195ba08c7e563a8ac820d7773ed670,Anna-Karyna Ruszkowski,per_5119619cdfcf549caabec5d2986dc739,docs/research/trustee-career/2026/can_f1195ba08c7e563a8ac820d7773ed670-luna.md,docs/research/trustee-career/2026/can_f1195ba08c7e563a8ac820d7773ed670-terra.md,2026-08-27,reviewed,,1,0,0,0,https://www.toronto.ca/data/elections/candidate_list/trusteeCandidates_2026.json;https://csviamonde.ca/viamonde/rapport-annuel-2024-2025/lequipe-viamonde;https://www.toronto.ca/news/notice-that-the-election-for-the-french-language-public-school-trustee-conseil-scolaire-viamonde-ward-3-centre-is-void/;https://www.toronto.ca/wp-content/uploads/2023/01/8d2a-FinalFRDeclaration-of-Results-2023-ByElection.pdf,Terra independently reviewed the complete Toronto 2003+ search and confirmed 1 prior occurrence(s); its adjudication controls after comparison with Luna.
toronto-trustee-2026,can_f0fb2688068356ad9277ff0a7a01a2f5,Timothy Ellis,per_ba3fbf31a9fe5c73b9c487c8c1868c7e,docs/research/trustee-career/2026/can_f0fb2688068356ad9277ff0a7a01a2f5-luna.md,docs/research/trustee-career/2026/can_f0fb2688068356ad9277ff0a7a01a2f5-terra.md,2026-08-27,reviewed,,0,0,0,0,https://www.toronto.ca/data/elections/candidate_list/trusteeCandidates_2026.json,Terra independently reviewed the complete Toronto 2003+ search; its adjudication controls after comparison with Luna.
toronto-trustee-2026,can_dfc9ea28b5d053e4bfd0d7f836e1761c,Ivan Voitsytskyi,per_c86c60c8729959eb8d31eab56f9ba4bd,docs/research/trustee-career/2026/can_dfc9ea28b5d053e4bfd0d7f836e1761c-luna.md,docs/research/trustee-career/2026/can_dfc9ea28b5d053e4bfd0d7f836e1761c-terra.md,2026-08-27,reviewed,,0,0,0,0,https://www.toronto.ca/data/elections/candidate_list/trusteeCandidates_2026.json,Terra independently reviewed the complete Toronto 2003+ search; its adjudication controls after comparison with Luna.
toronto-trustee-2026,can_ccf2917813195c81bfabc1dbfeeebfb3,Matthew Zaffino,per_4680abc205d9524e91d40d0e5ece5d24,docs/research/trustee-career/2026/can_ccf2917813195c81bfabc1dbfeeebfb3-luna.md,docs/research/trustee-career/2026/can_ccf2917813195c81bfabc1dbfeeebfb3-terra.md,2026-08-27,reviewed,,0,0,0,0,https://www.toronto.ca/data/elections/candidate_list/trusteeCandidates_2026.json;https://matthewzaffino.ca/;https://www.cpaontario.ca/protecting-the-public/directories/member/zaffino-1k5iv0,Terra independently reviewed the complete Toronto 2003+ search; its adjudication controls after comparison with Luna.
toronto-trustee-2026,can_9b9511aaebde561a82cfbb130bb8d0b6,Rhea Dechaine,per_c5a0ed9f32ce542daae2171d3c5fe66c,docs/research/trustee-career/2026/can_9b9511aaebde561a82cfbb130bb8d0b6-luna.md,docs/research/trustee-career/2026/can_9b9511aaebde561a82cfbb130bb8d0b6-terra.md,2026-08-27,reviewed,,1,0,0,0,https://www.toronto.ca/data/elections/candidate_list/trusteeCandidates_2026.json;https://cscmonavenir.ca/publications/rapports-annuel/rapport2223/administration.html;https://www.toronto.ca/news/notice-that-the-election-for-the-french-language-catholic-school-trustee-conseil-scolaire-catholique-monavenir-ward-4-toronto-est-is-void/;https://www.toronto.ca/wp-content/uploads/2023/01/8d2a-FinalFRDeclaration-of-Results-2023-ByElection.pdf,Terra independently reviewed the complete Toronto 2003+ search and confirmed 1 prior occurrence(s); its adjudication controls after comparison with Luna.
toronto-trustee-2026,can_e7c787f550605ea09c7eb8e0a4972aef,Clescadine Gustave,per_07180fa9e49a5acab4bb252d2b3b0c9c,docs/research/trustee-career/2026/can_e7c787f550605ea09c7eb8e0a4972aef-luna.md,docs/research/trustee-career/2026/can_e7c787f550605ea09c7eb8e0a4972aef-terra.md,2026-08-27,reviewed,,0,0,0,0,https://www.toronto.ca/data/elections/candidate_list/trusteeCandidates_2026.json;https://stbonifacesc.archtoronto.org/siteassets/bulletins/2022_12_18.pdf,Terra independently reviewed the complete Toronto 2003+ search; its adjudication controls after comparison with Luna.
toronto-trustee-2026,can_6564e3e01a3c506b880b505fb4c79615,Derek McNulty,per_e740afb661d55956804d6b2523a42e9b,docs/research/trustee-career/2026/can_6564e3e01a3c506b880b505fb4c79615-luna.md,docs/research/trustee-career/2026/can_6564e3e01a3c506b880b505fb4c79615-terra.md,2026-08-27,reviewed,,0,0,0,0,https://www.toronto.ca/data/elections/candidate_list/trusteeCandidates_2026.json,Terra independently reviewed the complete Toronto 2003+ search; its adjudication controls after comparison with Luna.
toronto-trustee-2026,can_2ce1f567f57052e09357e59dd3ac8cec,Rosanna Araujo,per_e1d42d0877bf5294a22e35c92f2ae7ca,docs/research/trustee-career/2026/can_2ce1f567f57052e09357e59dd3ac8cec-luna.md,docs/research/trustee-career/2026/can_2ce1f567f57052e09357e59dd3ac8cec-terra.md,2026-08-27,reviewed,,0,0,0,0,https://www.toronto.ca/data/elections/candidate_list/trusteeCandidates_2026.json;https://assets.tcdsb.org/stbernard/4998010/cpsc-agm-elections-minutes-september-17-2024.pdf;https://www.westtorontohustle.com/our-team,Terra independently reviewed the complete Toronto 2003+ search; its adjudication controls after comparison with Luna.
toronto-trustee-2026,can_a914bd264614594fa4f70250bd565593,Teresa Colonna,per_d84cdebd27ac58d6ac0a955e783b9ede,docs/research/trustee-career/2026/can_a914bd264614594fa4f70250bd565593-luna.md,docs/research/trustee-career/2026/can_a914bd264614594fa4f70250bd565593-terra.md,2026-08-27,reviewed,,0,0,0,0,https://www.toronto.ca/data/elections/candidate_list/trusteeCandidates_2026.json;https://www.teresacolonna.ca/;https://thelocal.to/tdsb-catholic-school-board-trustee-election-2026/,Terra independently reviewed the complete Toronto 2003+ search; its adjudication controls after comparison with Luna.
toronto-trustee-2026,can_202423c400a55a29b4aeabbd24a546b6,Stephanie Loor Ruiz,per_0e15b12e445654fe89e447656681f11b,docs/research/trustee-career/2026/can_202423c400a55a29b4aeabbd24a546b6-luna.md,docs/research/trustee-career/2026/can_202423c400a55a29b4aeabbd24a546b6-terra.md,2026-08-27,reviewed,,0,0,0,0,https://www.toronto.ca/data/elections/candidate_list/trusteeCandidates_2026.json,Terra independently reviewed the complete Toronto 2003+ search; its adjudication controls after comparison with Luna.
toronto-trustee-2026,can_489331f6970f5c4cae48691377937359,Sal Piccininni,,docs/research/trustee-career/2026/can_489331f6970f5c4cae48691377937359-luna.md,docs/research/trustee-career/2026/can_489331f6970f5c4cae48691377937359-terra.md,2026-08-27,reviewed_with_limitations,One or more plausible prior occurrences could not be linked with sufficient evidence.,0,5,0,0,https://www.toronto.ca/legdocs/2004/minutes/committees/tp/tp040225.pdf;https://irp.cdn-website.com/18b66aa0/files/uploaded/School-Board-Trustees-Concerns-Contact-Information-2013-1-228daa77.pdf;https://tcdsbpublishing.escribemeetings.com/FileStream.ashx?DocumentId=664;https://tcdsbpublishing.escribemeetings.com/filestream.ashx?DocumentId=10248;https://www.toronto.ca/data/elections/candidate_list/trusteeCandidates_2026.json;https://www.campaignlifecoalition.com/voting-records/view/level/cst/province/on/id/1878,Terra independently reviewed the complete Toronto 2003+ search; its adjudication controls after comparison with Luna. Sol independently re-reviewed every occurrence Terra had held.
toronto-trustee-2026,can_578ca769a6ce55f68cce5609ee2d0a36,Paul Salvatori,,docs/research/trustee-career/2026/can_578ca769a6ce55f68cce5609ee2d0a36-luna.md,docs/research/trustee-career/2026/can_578ca769a6ce55f68cce5609ee2d0a36-terra.md,2026-08-27,reviewed_with_limitations,One or more plausible prior occurrences could not be linked with sufficient evidence.,0,1,0,0,https://elections.ontarioschooltrustees.org/ResourceToolKit/2018Election/Query.aspx?board=Toronto+Catholic+District+School+Board&lang=en;https://www.toronto.ca/data/elections/candidate_list/trusteeCandidates_2026.json,Terra independently reviewed the complete Toronto 2003+ search; its adjudication controls after comparison with Luna. Sol independently re-reviewed every occurrence Terra had held.
toronto-trustee-2026,can_292fef10530b5163a82e65c79829e541,Josiane Aboungono,per_01cb9cf02dc6551cbfbbc98756af4fd0,docs/research/trustee-career/2026/can_292fef10530b5163a82e65c79829e541-luna.md,docs/research/trustee-career/2026/can_292fef10530b5163a82e65c79829e541-terra.md,2026-08-27,reviewed,,0,0,0,0,https://www.toronto.ca/data/elections/candidate_list/trusteeCandidates_2026.json,Terra independently reviewed the complete Toronto 2003+ search; its adjudication controls after comparison with Luna.
toronto-trustee-2026,can_98881d67eba65ad08f3713f8be9fa98e,Yelena Nichilo,per_30c1e6230c2b5d84b5c5e98f0dc86d17,docs/research/trustee-career/2026/can_98881d67eba65ad08f3713f8be9fa98e-luna.md,docs/research/trustee-career/2026/can_98881d67eba65ad08f3713f8be9fa98e-terra.md,2026-08-27,reviewed,,0,0,0,0,https://cscmonavenir.ca/comite-de-participation-des-parents-4/;https://www.toronto.ca/data/elections/candidate_list/trusteeCandidates_2026.json,Terra independently reviewed the complete Toronto 2003+ search; its adjudication controls after comparison with Luna.
toronto-trustee-2026,can_633c21ab1fb85a4d8e053f67b033741f,Angela Ogang,per_c9e8a478bf1d53dca76b16b558c8ae3a,docs/research/trustee-career/2026/can_633c21ab1fb85a4d8e053f67b033741f-luna.md,docs/research/trustee-career/2026/can_633c21ab1fb85a4d8e053f67b033741f-terra.md,2026-08-27,reviewed,,0,0,0,0,https://angelaw.ca/about;https://cabl.ca/wp-content/uploads/2023/06/2023-CABL-AGM-Declarations-of-Candidacy.pdf;https://www.toronto.ca/data/elections/candidate_list/trusteeCandidates_2026.json,Terra independently reviewed the complete Toronto 2003+ search; its adjudication controls after comparison with Luna.
toronto-trustee-2026,can_656fcfdc512c5d22b05715336b449ee6,Celine DiNova,,docs/research/trustee-career/2026/can_656fcfdc512c5d22b05715336b449ee6-luna.md,docs/research/trustee-career/2026/can_656fcfdc512c5d22b05715336b449ee6-terra.md,2026-08-27,reviewed_with_limitations,One or more plausible prior occurrences could not be linked with sufficient evidence.,0,1,0,0,https://beachmetro.com/2022/10/05/toronto-votes-2022-ward-11-toronto-catholic-district-school-board-trustee-candidate-celine-dinova-profile/;https://www.toronto.ca/wp-content/uploads/2022/10/9085-FinalDeclaration-of-Results-for-the-2022-Toronto-Municipal-Election.pdf;https://www.toronto.ca/data/elections/candidate_list/trusteeCandidates_2026.json;https://tcdsbpublishing.escribemeetings.com/filestream.ashx?DocumentId=29649,Terra independently reviewed the complete Toronto 2003+ search; its adjudication controls after comparison with Luna. Sol independently re-reviewed every occurrence Terra had held.
toronto-trustee-2026,can_19957a0f657f53778c8d080c975d3a6c,Marissa Largo,per_e5d95e47dee256a086927899e0539829,docs/research/trustee-career/2026/can_19957a0f657f53778c8d080c975d3a6c-luna.md,docs/research/trustee-career/2026/can_19957a0f657f53778c8d080c975d3a6c-terra.md,2026-08-27,reviewed,,0,0,0,0,https://www.kapisanancentre.com/mission-index-impact;https://www.toronto.ca/data/elections/candidate_list/trusteeCandidates_2026.json,Terra independently reviewed the complete Toronto 2003+ search; its adjudication controls after comparison with Luna.
toronto-trustee-2026,can_3c5cf71c069a58b5802a61568489e9b3,Gregory Rodriguez,per_b1e037542ccb51439b82c5f1d80907dd,docs/research/trustee-career/2026/can_3c5cf71c069a58b5802a61568489e9b3-luna.md,docs/research/trustee-career/2026/can_3c5cf71c069a58b5802a61568489e9b3-terra.md,2026-08-27,reviewed,,3,0,0,0,https://grodriguezcandidatetdsbtrusteeward20.wordpress.com/;https://thelocal.to/srp2025/;https://www.toronto.ca/wp-content/uploads/2022/10/9085-FinalDeclaration-of-Results-for-the-2022-Toronto-Municipal-Election.pdf;https://www.toronto.ca/data/elections/candidate_list/trusteeCandidates_2026.json;https://www.toronto.ca/city-government/elections/ward-25-scarborough-rouge-park-by-election-list-of-candidates-third-party-advertisers/;https://elections.ontarioschooltrustees.org/ResourceToolKit/2018Election/Query.aspx?board=Toronto+District+School+Board&lang=en;https://elections.ontarioschooltrustees.org/2022Election/Query.aspx?board=Toronto+Catholic+District+School+Board&lang=en,Terra independently reviewed the complete Toronto 2003+ search and confirmed 3 prior occurrence(s); its adjudication controls after comparison with Luna. Sol independently re-reviewed every occurrence Terra had held.
toronto-trustee-2026,can_6b662e46d4595c758ff1692fdcc69824,Jennifer Di Francesco,per_a451ee8fc0a55f6db7bb50e28ac5475a,docs/research/trustee-career/2026/can_6b662e46d4595c758ff1692fdcc69824-luna.md,docs/research/trustee-career/2026/can_6b662e46d4595c758ff1692fdcc69824-terra.md,2026-08-27,reviewed,,0,0,0,0,https://tcdsbpublishing.escribemeetings.com/filestream.ashx?DocumentId=24341;https://assets.tcdsb.org/TCDSB/3261995/cpic-annual-report-2021-2022.pdf;https://www.toronto.ca/data/elections/candidate_list/trusteeCandidates_2026.json,Terra independently reviewed the complete Toronto 2003+ search; its adjudication controls after comparison with Luna.
toronto-trustee-2026,can_ce2847d87160597bb60ecb945f851a26,Maria Dias,per_649dc6c63dc553c0bd708bbf7c40c51c,docs/research/trustee-career/2026/can_ce2847d87160597bb60ecb945f851a26-luna.md,docs/research/trustee-career/2026/can_ce2847d87160597bb60ecb945f851a26-terra.md,2026-08-27,reviewed,,0,0,0,0,https://www.toronto.ca/data/elections/candidate_list/trusteeCandidates_2026.json;https://www.campaignlifecoalition.com/compare-candidates/view/level/cst/province/on/riding/440/subriding/166,Terra independently reviewed the complete Toronto 2003+ search; its adjudication controls after comparison with Luna.
toronto-trustee-2026,can_fbfd95dc861f59e3a88736d6aeb23bf3,Robert Pella,per_49e3f7aa70e75f86af7426909f02bd74,docs/research/trustee-career/2026/can_fbfd95dc861f59e3a88736d6aeb23bf3-luna.md,docs/research/trustee-career/2026/can_fbfd95dc861f59e3a88736d6aeb23bf3-terra.md,2026-08-27,reviewed,,2,0,0,0,https://www.toronto.ca/data/elections/candidate_list/trusteeCandidates_2026.json;https://thelocal.to/ward-1-etobicoke-north/;https://www.toronto.ca/wp-content/uploads/2017/08/9059-election-2014-clerksofficialdeclarationofresults.pdf;https://www.toronto.ca/wp-content/uploads/2023/04/8831-Notice-of-RecountFinal.pdf;https://elections.ontarioschooltrustees.org/2022Election/Query.aspx?board=Toronto+Catholic+District+School+Board&lang=en,Terra independently reviewed the complete Toronto 2003+ search and confirmed 2 prior occurrence(s); its adjudication controls after comparison with Luna.
toronto-trustee-2026,can_822c91dc5b7859f3bffaebc49cb4a0ed,Tracey Haddleton,per_3d2c9a52b03a5cf7882be8d988fd1c58,docs/research/trustee-career/2026/can_822c91dc5b7859f3bffaebc49cb4a0ed-luna.md,docs/research/trustee-career/2026/can_822c91dc5b7859f3bffaebc49cb4a0ed-terra.md,2026-08-27,reviewed,,0,0,0,0,https://www.toronto.ca/data/elections/candidate_list/trusteeCandidates_2026.json,Terra independently reviewed the complete Toronto 2003+ search; its adjudication controls after comparison with Luna.
toronto-trustee-2026,can_8bbdbc503f8c50d1843f6094decf28c4,Ibrahim Hatia,per_ac4480bc7d675476a6a5d6341c1a40ae,docs/research/trustee-career/2026/can_8bbdbc503f8c50d1843f6094decf28c4-luna.md,docs/research/trustee-career/2026/can_8bbdbc503f8c50d1843f6094decf28c4-terra.md,2026-08-27,reviewed,,0,0,0,0,https://www.toronto.ca/data/elections/candidate_list/trusteeCandidates_2026.json;https://www.studentassociation.ca/wp-content/uploads/2024/07/SAGBC-BOD-May-Meeting-2024-Minutes.pdf,Terra independently reviewed the complete Toronto 2003+ search; its adjudication controls after comparison with Luna.
toronto-trustee-2026,can_5e7c969bca2f5afb8c9048f5723b4519,Spiros Kapoglis,per_b854b122d2c350ca91e6249d54c6c174,docs/research/trustee-career/2026/can_5e7c969bca2f5afb8c9048f5723b4519-luna.md,docs/research/trustee-career/2026/can_5e7c969bca2f5afb8c9048f5723b4519-terra.md,2026-08-27,reviewed,,0,0,0,0,https://www.toronto.ca/data/elections/candidate_list/trusteeCandidates_2026.json;https://toronto-candidates.netlify.app/candidate/spiros-kapoglis/,Terra independently reviewed the complete Toronto 2003+ search; its adjudication controls after comparison with Luna.
toronto-trustee-2026,can_f41f04d241c35894a49f580c4eaab821,Imran Khan,,docs/research/trustee-career/2026/can_f41f04d241c35894a49f580c4eaab821-luna.md,docs/research/trustee-career/2026/can_f41f04d241c35894a49f580c4eaab821-terra.md,2026-08-27,reviewed_with_limitations,One or more plausible prior occurrences could not be linked with sufficient evidence.,0,2,0,0,https://www.toronto.ca/data/elections/candidate_list/trusteeCandidates_2026.json;https://governingcouncil.utoronto.ca/secretariat/biography/imran-khan;https://www.elections.ca/res/rep/off/ovrGE45/62/table12E.html;https://www.elections.ca/res/rep/off/ovr_2026/64/data_donnees/pollresults_resultatsbureau35112.csv,Terra independently reviewed the complete Toronto 2003+ search; its adjudication controls after comparison with Luna. Sol independently re-reviewed every occurrence Terra had held.
toronto-trustee-2026,can_89044a41dd6059df8e8c780e41562ab7,Dewitt Lee III,per_ef73b1c3ab9a52f496eb4c940600c274,docs/research/trustee-career/2026/can_89044a41dd6059df8e8c780e41562ab7-luna.md,docs/research/trustee-career/2026/can_89044a41dd6059df8e8c780e41562ab7-terra.md,2026-08-27,reviewed_with_limitations,One or more plausible prior occurrences could not be linked with sufficient evidence.,0,1,0,2,https://www.toronto.ca/data/elections/candidate_list/trusteeCandidates_2026.json;https://tubmancommunity.org/board-members;https://thelocal.to/ward-12-toronto-st-pauls/;https://www.toronto.ca/wp-content/uploads/2017/08/9059-election-2014-clerksofficialdeclarationofresults.pdf;https://elections.ontarioschooltrustees.org/2022Election/Query.aspx?board=Toronto+District+School+Board&lang=en;https://thecaribbeancamera.com/lee-takes-second-try-at-mayoralty/;https://thelocal.to/ward-8-eglinton-lawrence/;https://www.toronto.ca/wp-content/uploads/2022/10/9085-FinalDeclaration-of-Results-for-the-2022-Toronto-Municipal-Election.pdf,Terra independently reviewed the complete Toronto 2003+ search; its adjudication controls after comparison with Luna. Sol independently re-reviewed every occurrence Terra had held.
toronto-trustee-2026,can_f6cdb98f716f5927a6d7702be80db45f,Christine McGirr,,docs/research/trustee-career/2026/can_f6cdb98f716f5927a6d7702be80db45f-luna.md,docs/research/trustee-career/2026/can_f6cdb98f716f5927a6d7702be80db45f-terra.md,2026-08-27,reviewed_with_limitations,One or more plausible prior occurrences could not be linked with sufficient evidence.,0,2,0,0,https://www.toronto.ca/data/elections/candidate_list/trusteeCandidates_2026.json;https://www.elections.ca/Scripts/VIS/HistoricalResults/35095_e.html;https://www.toronto.ca/wp-content/uploads/2018/10/97da-2018clerksofficialdeclarationofresults.pdf,Terra independently reviewed the complete Toronto 2003+ search; its adjudication controls after comparison with Luna. Sol independently re-reviewed every occurrence Terra had held.
toronto-trustee-2026,can_cf329ed10ed3594894c05b6766a5436b,Farzana Rajwani,per_97c8552379cd5742aaf1a3b183edfc6e,docs/research/trustee-career/2026/can_cf329ed10ed3594894c05b6766a5436b-luna.md,docs/research/trustee-career/2026/can_cf329ed10ed3594894c05b6766a5436b-terra.md,2026-08-27,reviewed,,1,0,0,0,https://www.farzanarajwani.ca/;https://www.farzanarajwani.ca/vision;https://www.toronto.ca/wp-content/uploads/2022/10/9085-FinalDeclaration-of-Results-for-the-2022-Toronto-Municipal-Election.pdf,Terra independently reviewed the complete Toronto 2003+ search and confirmed 1 prior occurrence(s); its adjudication controls after comparison with Luna.
toronto-trustee-2026,can_d8004d3122615bda892d893bba4560ee,Angela Kennedy,per_5853689b88db555ca8a9431a01bdd81a,docs/research/trustee-career/2026/can_d8004d3122615bda892d893bba4560ee-luna.md,docs/research/trustee-career/2026/can_d8004d3122615bda892d893bba4560ee-terra.md,2026-08-27,reviewed,,10,0,0,1,https://elections.ontarioschooltrustees.org/2022Election/Query.aspx?board=Toronto+Catholic+District+School+Board&lang=en;https://www.tcdsb.org/page/board-of-trustees/;https://www.ola.org/sites/default/files/node-files/hansard/document/pdf/2003/2003-05/house-document-hansard-transcript-4-en-2003-05-29_pdfL017.pdf;https://beachmetro.com/2022/05/03/provincial-election-2022-angela-kennedy-to-run-for-progressive-conservatives-in-beaches-east-york-riding/;https://results.elections.on.ca/api/report-groups/5/report-outputs/521/csv;https://ckan0.cf.opendata.inter.prod-toronto.ca/dataset/96d35404-44d9-49d8-95bb-fb1e5489240d/resource/1ed53c9d-a316-465e-96ce-e72be74f8aa9/download/2003-results.zip;https://ckan0.cf.opendata.inter.prod-toronto.ca/dataset/96d35404-44d9-49d8-95bb-fb1e5489240d/resource/3fb1227c-a279-4523-a1aa-f00190ba717f/download/2006-results.zip;https://results.elections.on.ca/api/report-groups/4/report-outputs/510/csv;https://ckan0.cf.opendata.inter.prod-toronto.ca/dataset/96d35404-44d9-49d8-95bb-fb1e5489240d/resource/6fbfaab0-bb84-442a-8e4b-1c14d4c10d6d/download/2010-results.zip;https://results.elections.on.ca/api/report-groups/2/report-outputs/488/csv;https://ckan0.cf.opendata.inter.prod-toronto.ca/dataset/96d35404-44d9-49d8-95bb-fb1e5489240d/resource/d59b5a52-33c3-4380-a136-82707e4d9aae/download/2014-results.zip;https://www.toronto.ca/wp-content/uploads/2018/10/97da-2018clerksofficialdeclarationofresults.pdf;https://results.elections.on.ca/api/report-groups/45/report-outputs/1050/csv;https://www.toronto.ca/wp-content/uploads/2022/10/9085-FinalDeclaration-of-Results-for-the-2022-Toronto-Municipal-Election.pdf;https://oasisonline.ca/wp-content/uploads/OASIS%20One%20Voice%20Kit%20-%202014%20Ontario%20General%20Election.pdf;https://cltoronto.ca/wp-content/uploads/2014/05/Toronto-Candidates-and-Ridings.pdf,Terra independently reviewed the complete Toronto 2003+ search and confirmed 10 prior occurrence(s); its adjudication controls after comparison with Luna. Sol independently re-reviewed every occurrence Terra had held.
toronto-trustee-2026,can_bb720ba2d1685e488eb701b6d49711a2,Anton Perera,per_907c105d0a2057d2ab93b46f394bbbe2,docs/research/trustee-career/2026/can_bb720ba2d1685e488eb701b6d49711a2-luna.md,docs/research/trustee-career/2026/can_bb720ba2d1685e488eb701b6d49711a2-terra.md,2026-08-27,reviewed,,1,0,0,0,https://www.toronto.ca/data/elections/candidate_list/trusteeCandidates_2026.json;https://toronto-candidates.netlify.app/candidate/anton-perera/;https://www.toronto.ca/wp-content/uploads/2022/10/9085-FinalDeclaration-of-Results-for-the-2022-Toronto-Municipal-Election.pdf;https://ckan0.cf.opendata.inter.prod-toronto.ca/dataset/96d35404-44d9-49d8-95bb-fb1e5489240d/resource/3ad371de-7c51-45d3-9ea4-0b4efac5fc2b/download/2022-results.zip,Terra independently reviewed the complete Toronto 2003+ search and confirmed 1 prior occurrence(s); its adjudication controls after comparison with Luna.
toronto-trustee-2026,can_0c6cc096ee3759faa4245e67c2840b10,Carla Allen,per_1be729a2160d5ceb932abd9e018e84ab,docs/research/trustee-career/2026/can_0c6cc096ee3759faa4245e67c2840b10-luna.md,docs/research/trustee-career/2026/can_0c6cc096ee3759faa4245e67c2840b10-terra.md,2026-08-27,reviewed,,0,0,0,0,https://www.toronto.ca/data/elections/candidate_list/trusteeCandidates_2026.json,Terra independently reviewed the complete Toronto 2003+ search; its adjudication controls after comparison with Luna.
toronto-trustee-2026,can_f01007545e60587691515c07e4a903e8,Mary Cury Paul,per_242bd8208a9b5a4283ef2d25887be876,docs/research/trustee-career/2026/can_f01007545e60587691515c07e4a903e8-luna.md,docs/research/trustee-career/2026/can_f01007545e60587691515c07e4a903e8-terra.md,2026-08-27,reviewed,,0,0,0,0,https://www.toronto.ca/data/elections/candidate_list/trusteeCandidates_2026.json,Terra independently reviewed the complete Toronto 2003+ search; its adjudication controls after comparison with Luna.
toronto-trustee-2026,can_16a76ce95d88555e9f4c4fe393854af1,Garry Tanuan,per_c6100ed1c5a25fcdaa2206d06b752405,docs/research/trustee-career/2026/can_16a76ce95d88555e9f4c4fe393854af1-luna.md,docs/research/trustee-career/2026/can_16a76ce95d88555e9f4c4fe393854af1-terra.md,2026-08-27,reviewed,,4,0,0,0,https://www.toronto.ca/legdocs/mmis/2017/mm/comm/communicationfile-73525.pdf;https://www.toronto.ca/legdocs/mmis/2021/sc/comm/communicationfile-130882.pdf;https://toronto-candidates.netlify.app/candidate/garry-tanuan/;https://ckan0.cf.opendata.inter.prod-toronto.ca/dataset/97d72233-8681-4b3d-828e-4929d40d122c/resource/a75d576c-f315-4c90-b5c9-1ca7d9f8b51f/download/2012-tcdsb-ward-8.xls;https://ckan0.cf.opendata.inter.prod-toronto.ca/dataset/96d35404-44d9-49d8-95bb-fb1e5489240d/resource/d59b5a52-33c3-4380-a136-82707e4d9aae/download/2014-results.zip;https://ckan0.cf.opendata.inter.prod-toronto.ca/dataset/96d35404-44d9-49d8-95bb-fb1e5489240d/resource/2fcd5f20-90f5-4dd0-88eb-22e978b9bf89/download/2018-results.zip;https://ckan0.cf.opendata.inter.prod-toronto.ca/dataset/96d35404-44d9-49d8-95bb-fb1e5489240d/resource/3ad371de-7c51-45d3-9ea4-0b4efac5fc2b/download/2022-results.zip,Terra independently reviewed the complete Toronto 2003+ search and confirmed 4 prior occurrence(s); its adjudication controls after comparison with Luna.
toronto-trustee-2026,can_4014990417345d95a6017de5bcd2c6e1,Ivanna Andrusyak,per_4a219d9d060c55239f5214d48bf24b47,docs/research/trustee-career/2026/can_4014990417345d95a6017de5bcd2c6e1-luna.md,docs/research/trustee-career/2026/can_4014990417345d95a6017de5bcd2c6e1-terra.md,2026-08-27,reviewed,,0,0,0,0,https://www.toronto.ca/data/elections/candidate_list/trusteeCandidates_2026.json;https://toronto-candidates.netlify.app/candidate/ivanna-andrusyak/,Terra independently reviewed the complete Toronto 2003+ search; its adjudication controls after comparison with Luna.
toronto-trustee-2026,can_752ab998917e5fa1b787e159beed8dc3,Brandon Choi,per_0572394a8ce55529a77a1ae64ff08a08,docs/research/trustee-career/2026/can_752ab998917e5fa1b787e159beed8dc3-luna.md,docs/research/trustee-career/2026/can_752ab998917e5fa1b787e159beed8dc3-terra.md,2026-08-27,reviewed,,0,0,0,0,https://www.toronto.ca/data/elections/candidate_list/trusteeCandidates_2026.json,Terra independently reviewed the complete Toronto 2003+ search; its adjudication controls after comparison with Luna.
toronto-trustee-2026,can_5a2aca85c3f35652ac94534b8180ca30,Anthony Delpero,per_ef5ab565cd045d839b596a4233507a6b,docs/research/trustee-career/2026/can_5a2aca85c3f35652ac94534b8180ca30-luna.md,docs/research/trustee-career/2026/can_5a2aca85c3f35652ac94534b8180ca30-terra.md,2026-08-27,reviewed,,0,0,0,0,https://www.toronto.ca/data/elections/candidate_list/trusteeCandidates_2026.json,Terra independently reviewed the complete Toronto 2003+ search; its adjudication controls after comparison with Luna.
toronto-trustee-2026,can_907c9762c2315f14a14ef10fa5bc0950,Weidong Pei,per_3d1e2ef403175c77b058926a66557587,docs/research/trustee-career/2026/can_907c9762c2315f14a14ef10fa5bc0950-luna.md,docs/research/trustee-career/2026/can_907c9762c2315f14a14ef10fa5bc0950-terra.md,2026-08-27,reviewed,,1,0,0,0,https://www.weidongpei.ca/about;https://schoolweb.tdsb.on.ca/newtonbrook/Parents/Trustee-Pei;https://www.toronto.ca/wp-content/uploads/2022/10/9085-FinalDeclaration-of-Results-for-the-2022-Toronto-Municipal-Election.pdf;https://ckan0.cf.opendata.inter.prod-toronto.ca/dataset/96d35404-44d9-49d8-95bb-fb1e5489240d/resource/3ad371de-7c51-45d3-9ea4-0b4efac5fc2b/download/2022-results.zip,Terra independently reviewed the complete Toronto 2003+ search and confirmed 1 prior occurrence(s); its adjudication controls after comparison with Luna.
toronto-trustee-2026,can_2ad9fa52dee954d4a11c8e3bdbbbb5d7,Nancy Crawford,per_9d4819cd2db25de88900ee46712abd36,docs/research/trustee-career/2026/can_2ad9fa52dee954d4a11c8e3bdbbbb5d7-luna.md,docs/research/trustee-career/2026/can_2ad9fa52dee954d4a11c8e3bdbbbb5d7-terra.md,2026-08-27,reviewed,,4,0,0,0,https://assets.tcdsb.org/strobert/2722115/newsletter-november-2022.pdf;https://www.tcdsb.org/page/board-of-trustees/;https://ckan0.cf.opendata.inter.prod-toronto.ca/dataset/96d35404-44d9-49d8-95bb-fb1e5489240d/resource/6fbfaab0-bb84-442a-8e4b-1c14d4c10d6d/download/2010-results.zip;https://ckan0.cf.opendata.inter.prod-toronto.ca/dataset/96d35404-44d9-49d8-95bb-fb1e5489240d/resource/d59b5a52-33c3-4380-a136-82707e4d9aae/download/2014-results.zip;https://ckan0.cf.opendata.inter.prod-toronto.ca/dataset/96d35404-44d9-49d8-95bb-fb1e5489240d/resource/2fcd5f20-90f5-4dd0-88eb-22e978b9bf89/download/2018-results.zip;https://ckan0.cf.opendata.inter.prod-toronto.ca/dataset/96d35404-44d9-49d8-95bb-fb1e5489240d/resource/3ad371de-7c51-45d3-9ea4-0b4efac5fc2b/download/2022-results.zip,Terra independently reviewed the complete Toronto 2003+ search and confirmed 4 prior occurrence(s); its adjudication controls after comparison with Luna.
toronto-trustee-2026,can_efde46a33f0b56afa02321b17910321a,Elina Feyginberg,per_f7f62338295b5d4192ad4903efd4c22b,docs/research/trustee-career/2026/can_efde46a33f0b56afa02321b17910321a-luna.md,docs/research/trustee-career/2026/can_efde46a33f0b56afa02321b17910321a-terra.md,2026-08-27,reviewed,,0,0,0,0,https://elina4trustee.squarespace.com/about;https://www.toronto.ca/data/elections/candidate_list/trusteeCandidates_2026.json,Terra independently reviewed the complete Toronto 2003+ search; its adjudication controls after comparison with Luna.
toronto-trustee-2026,can_8fcf4a8990375683ba8d7255bdf4328e,Andrene Gregory,per_4b0f62673a9c5380ab3f1b42fac333cf,docs/research/trustee-career/2026/can_8fcf4a8990375683ba8d7255bdf4328e-luna.md,docs/research/trustee-career/2026/can_8fcf4a8990375683ba8d7255bdf4328e-terra.md,2026-08-27,reviewed,,0,0,0,0,https://www.toronto.ca/data/elections/candidate_list/trusteeCandidates_2026.json;https://medium.com/black-eyes-black-voice/carlton-darby-and-the-politics-of-possibility-c23f39ebe539,Terra independently reviewed the complete Toronto 2003+ search; its adjudication controls after comparison with Luna.
toronto-trustee-2026,can_a9f750bd470c5703b5be465e2dbc65fe,David Gulyas,,docs/research/trustee-career/2026/can_a9f750bd470c5703b5be465e2dbc65fe-luna.md,docs/research/trustee-career/2026/can_a9f750bd470c5703b5be465e2dbc65fe-terra.md,2026-08-27,reviewed_with_limitations,One or more plausible prior occurrences could not be linked with sufficient evidence.,0,1,0,0,https://www.toronto.ca/data/elections/candidate_list/trusteeCandidates_2026.json;https://www.toronto.ca/wp-content/uploads/2023/06/900e-Declaration-of-Results-for-the-2023-Toronto-By-Election-for-Mayor.pdf,Terra independently reviewed the complete Toronto 2003+ search; its adjudication controls after comparison with Luna. Sol independently re-reviewed every occurrence Terra had held.
toronto-trustee-2026,can_bc5bceaa50ee5a4fab8b14f50f41450f,Jared Kolb,per_ca9fe1534a505fcf9f279b33031cb748,docs/research/trustee-career/2026/can_bc5bceaa50ee5a4fab8b14f50f41450f-luna.md,docs/research/trustee-career/2026/can_bc5bceaa50ee5a4fab8b14f50f41450f-terra.md,2026-08-27,reviewed,,0,0,0,0,https://www.toronto.ca/data/elections/candidate_list/trusteeCandidates_2026.json;https://greencommunitiescanada.org/staff/jared-kolb/;https://schoolweb.tdsb.on.ca/roden/School-Council,Terra independently reviewed the complete Toronto 2003+ search; its adjudication controls after comparison with Luna.
toronto-trustee-2026,can_a89be4d40dfb52bf86ec3f81bf39741a,Maureen Larkin,per_471a0e894f825f4dac5106f3a2e7de78,docs/research/trustee-career/2026/can_a89be4d40dfb52bf86ec3f81bf39741a-luna.md,docs/research/trustee-career/2026/can_a89be4d40dfb52bf86ec3f81bf39741a-terra.md,2026-08-27,reviewed,,0,0,0,0,https://www.toronto.ca/data/elections/candidate_list/trusteeCandidates_2026.json;https://www.spafyndp.ca/executive,Terra independently reviewed the complete Toronto 2003+ search; its adjudication controls after comparison with Luna.
toronto-trustee-2026,can_0223966eed3453f8a109f60a720eb111,Andrew Massey,,docs/research/trustee-career/2026/can_0223966eed3453f8a109f60a720eb111-luna.md,docs/research/trustee-career/2026/can_0223966eed3453f8a109f60a720eb111-terra.md,2026-08-27,reviewed_with_limitations,One or more plausible prior occurrences could not be linked with sufficient evidence.,0,3,0,0,https://www.toronto.ca/data/elections/candidate_list/trusteeCandidates_2026.json;https://www.greenparty.ca/en/candidate/andrew-massey;https://www.toronto.ca/wp-content/uploads/2018/10/97da-2018clerksofficialdeclarationofresults.pdf;https://results.elections.on.ca/api/report-groups/48/report-outputs/1096/csv;https://enr.elections.ca/ElectoralDistricts.aspx?ed=2489&lang=e;https://www.votemassey.ca/,Terra independently reviewed the complete Toronto 2003+ search; its adjudication controls after comparison with Luna. Sol independently re-reviewed every occurrence Terra had held.
toronto-trustee-2026,can_5d2f89362ab7548b817c10597e7bff66,Gus Stefanis,,docs/research/trustee-career/2026/can_5d2f89362ab7548b817c10597e7bff66-luna.md,docs/research/trustee-career/2026/can_5d2f89362ab7548b817c10597e7bff66-terra.md,2026-08-27,reviewed_with_limitations,One or more plausible prior occurrences could not be linked with sufficient evidence.,0,3,0,0,https://www.toronto.ca/data/elections/candidate_list/trusteeCandidates_2026.json;https://www.tdsb.on.ca/Leadership/Agendas-Minutes-Decisions/Type/M/Year/2025?Filename=250416.pdf;https://thelocal.to/apple_news_posts/don-valley-west-tdsb-trustee-by-election/;https://www.elections.ca/res/rep/off/ovr2019app/51/data_donnees/pollresults_resultatsbureau35.zip;https://www.elections.ca/res/rep/off/ovr2021app/53/data_donnees/pollresults_resultatsbureau35.zip,Terra independently reviewed the complete Toronto 2003+ search; its adjudication controls after comparison with Luna. Sol independently re-reviewed every occurrence Terra had held.
toronto-trustee-2026,can_b2f8da7a927653cba9608bfeb72f3296,Janine Viret,per_2b36e8c321ca5efb8cc5b666e8f6af11,docs/research/trustee-career/2026/can_b2f8da7a927653cba9608bfeb72f3296-luna.md,docs/research/trustee-career/2026/can_b2f8da7a927653cba9608bfeb72f3296-terra.md,2026-08-27,reviewed,,0,0,0,0,https://www.toronto.ca/data/elections/candidate_list/trusteeCandidates_2026.json,Terra independently reviewed the complete Toronto 2003+ search; its adjudication controls after comparison with Luna.
toronto-trustee-2026,can_e9e640f8a9925817add41bb96547bd63,Jennifer Volk,per_fa5d1958983751a991c306efcfc75f15,docs/research/trustee-career/2026/can_e9e640f8a9925817add41bb96547bd63-luna.md,docs/research/trustee-career/2026/can_e9e640f8a9925817add41bb96547bd63-terra.md,2026-08-27,reviewed,,0,0,0,0,https://www.toronto.ca/data/elections/candidate_list/trusteeCandidates_2026.json;https://www.tdsb.on.ca/Portals/ward15/docs/2023-02-06_Minutes_WardForum_EhrhardtS.pdf,Terra independently reviewed the complete Toronto 2003+ search; its adjudication controls after comparison with Luna.
