candidacy_id,candidate_name,office_type,district_name,previous_campaign_url,current_campaign_url
can_961eedf31f7a5a128f933e255fc9e84a,Norman MacLeod,councillor,Ward 13 — Toronto Centre,,https://fask.city/candidate/norman-macleod-ward-13#priorities
can_8541696c67bf5545a1fd79c43cd0180c,Nicki Ward,councillor,Ward 13 — Toronto Centre,https://www.nickiward.ca/authentic,https://www.NickiWard.ca/
can_3d04d5bdb8ef5da8adb96314f7e9ccff,Jon Burnside,councillor,Ward 16 — Don Valley East,,https://jonburnside.ca/
can_a6db7813a89f5937b8f62ca4e37ad988,Dharshan Casinathen,councillor,Ward 25 — Scarborough-Rouge Park,,https://www.torontoward25.ca/
can_d53ceb2d309c516995d7dbec962edca1,Jannette Lumley,councillor,Ward 25 — Scarborough-Rouge Park,,https://jannettelumley.ca/
can_f0eef9233b0c57268fe3d1a894b0dc36,Josh Matlow,councillor,Ward 12 — Toronto-St. Paul's,,https://www.reelectmatlow.com/
can_fdeaeb255a9e586fb9775fe5bb8f011b,Nate Erskine-Smith,councillor,Ward 19 — Beaches-East York,,https://www.nateerskinesmith.ca/
can_b9fb3eab61b757b1a710571de7fd4f75,Fatima Ibrahimi,councillor,Ward 19 — Beaches-East York,,https://linktr.ee/_fatimaibrahimi
can_4c0e2d55aff7583ba1f6cdc51f910e4a,Mohammad Shabani,councillor,Ward 19 — Beaches-East York,,https://www.vote4shabani.ca/
can_47bbbdf2085553daba34e5d65c24be5b,Stephen Holyday,councillor,Ward 2 — Etobicoke Centre,,https://www.holyday.ca/
can_04c60fc4e6835284bedf7cfdaf3858c7,Mihaela Andrei,councillor,Ward 3 — Etobicoke-Lakeshore,,https://mihaelaandrei.ca/
can_7da1dd263fa15196932e0569a04de237,Andy Potega,councillor,Ward 4 — Parkdale-High Park,,https://potega.ca
can_8b3a360570785e81ab3c20fc10b316e3,Jeffery Adamson,councillor,Ward 17 — Don Valley North,,https://www.votejeffward17.ca/
can_0bf3661a802a50c19b76c270ead00c4b,Maqsood Ahmad,councillor,Ward 14 — Toronto-Danforth,,https://www.electmaqsood.com/
can_da117a7113585e409568869f9e572fc8,Sara Ehrhardt,councillor,Ward 14 — Toronto-Danforth,,https://www.saraehrhardt.ca/
can_e51e90f6357e5337a7b1cfadb8d0ce1e,Mary Fragedakis,councillor,Ward 14 — Toronto-Danforth,,https://maryfragedakis.ca/
can_f2571c0845b95d6d9a3dd7cf0b241af4,Maria Voutsinas,councillor,Ward 14 — Toronto-Danforth,,https://votemaria.ca/
can_5fee70084e8d56b89a52268379c8b49f,Mohammad Ali Reza,councillor,Ward 20 — Scarborough Southwest,,https://vote4reza.ca/
can_841f609c943253f8a262ab6feba9f722,Willie Reodica,councillor,Ward 21 — Scarborough Centre,,https://willie.reodica.ca/
can_71d0b0ede70a5a45a0f3ca553a2c73b0,Michael Thompson,councillor,Ward 21 — Scarborough Centre,,https://www.reelectmichaelthompson.ca/
can_c9594ca30dfd58b488098efdd3f1de62,Hard Parmar,councillor,Ward 1 — Etobicoke North,,http://hardparmar.com/
can_2e019fda2c64561e8b92b2c905a2585e,Bahira Abdulsalam,mayor,City of Toronto,,https://bahira.ca/
can_fb0ad10ecf0a5445bd5d89edd05589e3,Roberto Curto,mayor,City of Toronto,,https://curto.ca/
can_b0feb9eb4d795071bc35ae1040f07db6,Laura Dean,mayor,City of Toronto,,https://lauradeanformayor.ca/
can_5921308ec09156fb9428cf16c4ccb415,Sandeep Srivastava,mayor,City of Toronto,,https://www.sandeepsrivastavafortorontomayor.wordpress.com/
can_4eae390042ec54b1ac198df07635ab16,Ravicha Ravinthiran,trustee,Ward 11,,https://ravicharavi.ca/
can_caef49e28ab35c5fb3a3711fd31a5bbe,Saherla Osman,trustee,Ward 6,,https://www.saherlaosman.ca/
can_7a668b3b98d35daa915ae28fc4204ae2,Malik Ahmad,trustee,Ward 10,https://www.malikahmad.ca/,https://malikahmad.ca/
can_2c8f5a36cc6057549899360a49a4182a,Ahnaaf Hassan,trustee,Ward 10,,https://www.ahnaafhassan.ca
can_860f8fe35a785ef1b8adc09927d517da,Glenn Kremp,trustee,Ward 10,,https://www.glennkremp.com/
can_990783c8b1b75211892caa7a4326511e,Jocelyne Poirier,trustee,Ward 10,,http://jocelynepoirier.ca/
can_5f7f158aef535d02960dc4c058b3359a,Marisa Sterling,trustee,Ward 10,,https://www.votesterling.ca/
can_3f03082b897b5f678b63116eaa7b9871,Shaffni Nalir,trustee,Ward 7,,https://votenalir.ca/
can_e774167e9f6c5178b56326acdfda9279,Ketan Purohit,trustee,Ward 12,,https://www.ketanpurohit.ca/
can_d1935130d0db55959dd7c5c1988ba9b3,Alexis Dawson,trustee,Ward 3,,https://www.alexisdawson.ca/
can_9b9511aaebde561a82cfbb130bb8d0b6,Rhea Dechaine,trustee,Ward 4 — Toronto Est,,https://rheadechaine.com/
can_292fef10530b5163a82e65c79829e541,Josiane Aboungono,trustee,Ward 3 — Toronto Ouest,,https://josianeaboungono.com/
can_98881d67eba65ad08f3713f8be9fa98e,Yelena Nichilo,trustee,Ward 3 — Toronto Ouest,,https://www.voteyelenanichilo.ca/
can_6b662e46d4595c758ff1692fdcc69824,Jennifer Di Francesco,trustee,Ward 1,,https://jennifer4ward1.com/
can_8fcf4a8990375683ba8d7255bdf4328e,Andrene Gregory,trustee,Ward 5,,https://www.andrenegregory.ca/
can_bc5bceaa50ee5a4fab8b14f50f41450f,Jared Kolb,trustee,Ward 5,,https://www.votekolb.ca/
can_a89be4d40dfb52bf86ec3f81bf39741a,Maureen Larkin,trustee,Ward 5,,https://www.maureenlarkinto.ca
can_0223966eed3453f8a109f60a720eb111,Andrew Massey,trustee,Ward 5,,https://www.votemassey.ca/
can_e9e640f8a9925817add41bb96547bd63,Jennifer Volk,trustee,Ward 5,,https://www.jennifervolk.ca/
